City_ID,City,Country,Date,Lat,Lng,Max Temp,Humidity,Cloudiness,Wind Speed
0,Saint Anthony,US,2022-03-23 21:49:38,45.0205,-93.218,36.93,87,100,18.41
1,Bethel,US,2022-03-23 21:50:11,41.3712,-73.414,45.77,46,100,10.36
2,Roma,US,2022-03-23 21:48:23,43.2128,-75.4557,47.08,41,100,17.27
3,Dikson,RU,2022-03-23 21:50:12,73.5069,80.5464,4.21,94,100,7.99
4,Alipur,PK,2022-03-23 21:50:12,29.3846,70.9116,73.02,28,0,3.8
5,Talnakh,RU,2022-03-23 21:50:13,69.4865,88.3972,7.21,82,100,9.19
6,Ullapool,GB,2022-03-23 21:50:13,57.8987,-5.1604,45.36,69,6,4.38
7,Hobart,AU,2022-03-23 21:50:14,-42.8794,147.3294,59.05,69,75,10.36
8,Paranga,RU,2022-03-23 21:50:14,56.7039,49.4047,32.99,87,99,9.15
9,Rikitea,PF,2022-03-23 21:50:14,-23.1203,-134.9692,79.97,70,52,14.72
10,Barrow,US,2022-03-23 21:50:15,71.2906,-156.7887,-9.38,70,0,16.11
11,Cidreira,BR,2022-03-23 21:50:15,-30.1811,-50.2056,72.99,81,100,14.38
12,Takaka,NZ,2022-03-23 21:50:16,-40.85,172.8,67.55,80,100,2.13
13,Punta Arenas,CL,2022-03-23 21:47:40,-53.15,-70.9167,48.31,43,0,14.97
14,Stepnoye,RU,2022-03-23 21:50:16,51.4,46.8667,32.25,92,99,7.67
15,Arraial Do Cabo,BR,2022-03-23 21:50:17,-22.9661,-42.0278,76.96,69,0,10.36
16,Myskhako,RU,2022-03-23 21:50:17,44.6714,37.7433,37.18,56,54,11.54
17,Antalaha,MG,2022-03-23 21:50:18,-14.9003,50.2788,75.65,91,36,5.95
18,Upernavik,GL,2022-03-23 21:50:18,72.7868,-56.1549,-11.74,98,51,4.41
19,Bredasdorp,ZA,2022-03-23 21:50:19,-34.5322,20.0403,69.1,77,85,4.43
20,Ushuaia,AR,2022-03-23 21:49:31,-54.8,-68.3,46.06,53,75,16.11
21,Natalio,PY,2022-03-23 21:50:19,-26.7167,-55.0833,65.79,100,99,4.41
22,Mehamn,NO,2022-03-23 21:50:20,71.0357,27.8492,28.31,68,75,11.5
23,Busselton,AU,2022-03-23 21:50:20,-33.65,115.3333,54.88,83,0,11.95
24,Vanimo,PG,2022-03-23 21:50:21,-2.6741,141.3028,80.19,80,89,2.15
25,Khatanga,RU,2022-03-23 21:50:21,71.9667,102.5,3.33,97,100,5.01
26,Avarua,CK,2022-03-23 21:50:22,-21.2078,-159.775,84.25,74,20,12.66
27,Tuktoyaktuk,CA,2022-03-23 21:50:22,69.4541,-133.0374,-14.8,76,0,20.71
28,Tizimin,MX,2022-03-23 21:45:53,21.15,-88.15,94.42,25,48,8.01
29,Cape Town,ZA,2022-03-23 21:48:46,-33.9258,18.4232,70.12,80,0,17.27
30,Albany,US,2022-03-23 21:49:07,42.6001,-73.9662,46.02,40,100,1.01
31,Moerai,PF,2022-03-23 21:50:23,-22.4333,-151.3333,79.79,68,100,5.75
32,Jamestown,US,2022-03-23 21:49:04,42.097,-79.2353,48.02,62,100,18.01
33,Padang,ID,2022-03-23 21:50:24,-0.9492,100.3543,75.31,69,8,4.72
34,Sapouy,BF,2022-03-23 21:50:24,11.5544,-1.7736,87.22,14,84,4.72
35,Chokurdakh,RU,2022-03-23 21:50:25,70.6333,147.9167,-2.81,97,100,3.65
36,Kargopol,RU,2022-03-23 21:50:25,61.5071,38.9456,31.19,91,87,7.58
37,Grindavik,IS,2022-03-23 21:50:26,63.8424,-22.4338,43.27,100,100,20.71
38,Tasiilaq,GL,2022-03-23 21:50:26,65.6145,-37.6368,2.53,83,100,3.91
39,Puerto Ayora,EC,2022-03-23 21:50:26,-0.7393,-90.3518,85.96,88,73,10.0
40,Saint George,US,2022-03-23 21:49:49,37.1041,-113.5841,72.43,14,0,5.01
41,Maracaibo,VE,2022-03-23 21:50:27,10.6317,-71.6406,86.11,53,65,13.31
42,Hermanus,ZA,2022-03-23 21:50:27,-34.4187,19.2345,67.8,85,96,6.55
43,Lebu,CL,2022-03-23 21:46:08,-37.6167,-73.65,57.27,61,5,13.96
44,Pombas,CV,2022-03-23 21:50:28,17.1503,-25.0201,65.98,75,4,16.62
45,Kaitangata,NZ,2022-03-23 21:50:29,-46.2817,169.8464,54.05,87,100,10.94
46,Atuona,PF,2022-03-23 21:51:29,-9.8,-139.0333,79.43,80,97,17.25
47,Ilulissat,GL,2022-03-23 21:51:29,69.2167,-51.1,-12.41,97,19,5.48
48,Vilyuysk,RU,2022-03-23 21:51:30,63.7553,121.6247,6.73,99,100,2.73
49,Castro,BR,2022-03-23 21:51:30,-24.7911,-50.0119,64.8,89,56,5.14
50,Kapaa,US,2022-03-23 21:51:31,22.0752,-159.319,79.48,68,20,19.57
51,Vaini,TO,2022-03-23 21:51:31,-21.2,-175.2,82.56,78,75,9.22
52,Rawson,AR,2022-03-23 21:50:51,-43.3002,-65.1023,57.99,73,28,24.27
53,Ribeira Grande,PT,2022-03-23 21:47:13,38.5167,-28.7,61.2,82,75,6.91
54,Tongzi,CN,2022-03-23 21:51:32,28.7829,105.0877,59.47,77,84,1.57
55,Shelburne,CA,2022-03-23 21:46:50,44.0787,-80.2041,35.91,72,100,20.83
56,Taltal,CL,2022-03-23 21:51:33,-25.4,-70.4833,68.58,71,2,7.23
57,Mahebourg,MU,2022-03-23 21:51:33,-20.4081,57.7,80.89,78,20,8.05
58,Narsaq,GL,2022-03-23 21:51:34,60.9167,-46.05,23.05,81,100,1.92
59,Mataura,NZ,2022-03-23 21:51:34,-46.1927,168.8643,52.25,91,100,7.99
60,Saskylakh,RU,2022-03-23 21:51:34,71.9167,114.0833,-17.43,100,96,5.14
61,Fairbanks,US,2022-03-23 21:51:35,64.8378,-147.7164,18.48,46,0,11.5
62,Tiksi,RU,2022-03-23 21:51:35,71.6872,128.8694,-14.71,100,68,3.22
63,Yellowknife,CA,2022-03-23 21:51:35,62.456,-114.3525,15.42,88,100,13.8
64,Butaritari,KI,2022-03-23 21:51:36,3.0707,172.7902,79.92,82,53,14.97
65,Tiznit,MA,2022-03-23 21:51:36,29.5833,-9.5,51.04,81,76,15.59
66,Kavieng,PG,2022-03-23 21:51:37,-2.5744,150.7967,82.63,76,100,10.76
67,Nikolskoye,RU,2022-03-23 21:51:37,59.7035,30.7861,31.8,97,21,3.44
68,Roald,NO,2022-03-23 21:51:37,62.5833,6.1333,50.92,62,40,16.11
69,Balkanabat,TM,2022-03-23 21:51:38,39.5108,54.3671,43.93,64,4,6.62
70,Sorland,NO,2022-03-23 21:51:38,67.667,12.6934,38.26,72,100,23.55
71,Yakeshi,CN,2022-03-23 21:51:39,49.2833,120.7333,4.19,100,81,2.3
72,Bengkulu,ID,2022-03-23 21:51:39,-3.8004,102.2655,74.66,83,78,3.15
73,Warrington,GB,2022-03-23 21:50:51,53.3925,-2.5802,53.35,66,0,5.75
74,Asyut,EG,2022-03-23 21:51:40,27.181,31.1837,53.78,29,0,7.4
75,Tres Arroyos,AR,2022-03-23 21:51:40,-38.3739,-60.2798,69.87,62,52,13.96
76,Hambantota,LK,2022-03-23 21:51:41,6.1241,81.1185,75.54,100,20,2.3
77,Zhigansk,RU,2022-03-23 21:51:41,66.7697,123.3711,12.11,95,100,9.17
78,Rio Gallegos,AR,2022-03-23 21:51:41,-51.6226,-69.2181,48.25,66,75,5.75
79,Carnarvon,AU,2022-03-23 21:51:42,-24.8667,113.6333,77.07,78,98,5.75
80,Diffa,NE,2022-03-23 21:51:42,13.3154,12.6113,78.44,19,93,8.75
81,Trofors,NO,2022-03-23 21:51:43,65.5333,13.4063,44.47,100,100,8.23
82,New Norfolk,AU,2022-03-23 21:51:43,-42.7826,147.0587,58.71,60,30,3.0
83,Severo-Kurilsk,RU,2022-03-23 21:51:43,50.6789,156.125,30.43,70,36,9.64
84,Vila Franca Do Campo,PT,2022-03-23 21:51:44,37.7167,-25.4333,63.19,72,29,4.7
85,Ancud,CL,2022-03-23 21:46:44,-41.8697,-73.8203,51.22,62,40,10.94
86,Barcelos,PT,2022-03-23 21:46:46,41.5388,-8.6151,59.14,76,39,6.69
87,Anloga,GH,2022-03-23 21:51:45,5.7947,0.8973,83.25,82,90,11.56
88,Svetlaya,RU,2022-03-23 21:51:45,46.5389,138.3297,31.6,78,100,4.43
89,Huangchuan,CN,2022-03-23 21:51:45,32.1272,115.0394,43.84,92,0,6.76
90,Sedro-Woolley,US,2022-03-23 21:51:46,48.5039,-122.2361,52.77,91,75,4.0
91,Pahrump,US,2022-03-23 21:51:46,36.2083,-115.9839,76.51,11,0,1.99
92,Husavik,IS,2022-03-23 21:52:47,66.0449,-17.3389,34.38,85,95,11.18
93,Ulagan,RU,2022-03-23 21:52:47,50.6321,87.9563,2.62,91,100,3.02
94,Qaanaaq,GL,2022-03-23 21:52:48,77.484,-69.3632,-6.59,88,100,5.73
95,Labytnangi,RU,2022-03-23 21:52:48,66.6572,66.4183,17.85,84,100,11.79
96,Atasu,KZ,2022-03-23 21:52:48,48.6814,71.6433,13.51,96,97,11.68
97,Acapulco,MX,2022-03-23 21:52:47,16.8634,-99.8901,83.95,52,0,10.36
98,Hasaki,JP,2022-03-23 21:52:49,35.7333,140.8333,37.8,85,100,19.33
99,Frolovo,RU,2022-03-23 21:52:49,49.7713,43.6622,31.39,97,59,2.57
100,Cocorit,MX,2022-03-23 21:52:50,27.5833,-109.9667,91.94,5,0,16.24
101,Mount Isa,AU,2022-03-23 21:52:50,-20.7333,139.5,76.77,65,63,3.44
102,Kerema,PG,2022-03-23 21:52:50,-7.9631,145.7785,78.57,80,73,2.95
103,Leningradskiy,RU,2022-03-23 21:52:51,69.3833,178.4167,11.35,85,100,5.88
104,Airai,TL,2022-03-23 21:52:51,-8.9266,125.4092,59.18,92,98,0.94
105,Sant Feliu De Guixols,ES,2022-03-23 21:52:52,41.7833,3.0333,49.14,46,44,4.94
106,Labuhan,ID,2022-03-23 21:52:52,-6.8844,112.2051,78.8,85,100,4.76
107,Cherniyiv,UA,2022-03-23 21:52:52,48.8566,24.7139,43.61,57,0,4.9
108,Okhotsk,RU,2022-03-23 21:52:53,59.3833,143.3,8.98,98,96,4.97
109,Souillac,MU,2022-03-23 21:52:53,-20.5167,57.5167,80.98,78,20,8.05
110,Toora-Khem,RU,2022-03-23 21:52:54,52.4675,96.11,-4.7,98,57,1.5
111,Abu Dhabi,AE,2022-03-23 21:50:13,24.4667,54.3667,75.31,69,0,2.3
112,Yuzhno-Kurilsk,RU,2022-03-23 21:52:54,44.0306,145.8556,31.66,96,100,4.63
113,Karratha,AU,2022-03-23 21:52:55,-20.7377,116.8463,86.94,64,99,14.29
114,Esperance,AU,2022-03-23 21:52:55,-33.8667,121.9,53.44,76,37,4.29
115,Westport,US,2022-03-23 21:52:39,41.1415,-73.3579,45.45,57,100,8.01
116,Nanortalik,GL,2022-03-23 21:52:56,60.1432,-45.2371,27.03,78,100,1.5
117,Tripoli,LY,2022-03-23 21:52:06,32.8752,13.1875,54.79,60,51,12.64
118,Kruisfontein,ZA,2022-03-23 21:52:57,-34.0033,24.7314,64.89,85,99,6.73
119,Broome,US,2022-03-23 21:52:57,42.2506,-75.833,44.2,58,100,13.8
120,Taoudenni,ML,2022-03-23 21:52:57,22.6783,-3.9836,81.54,10,0,5.39
121,Hamilton,US,2022-03-23 21:49:19,39.1834,-84.5333,67.41,64,75,12.66
122,Rundu,NA,2022-03-23 21:52:58,-17.9333,19.7667,67.05,74,56,3.36
123,Pathein,MM,2022-03-23 21:52:59,16.7833,94.7333,73.78,89,56,4.0
124,Fangshan,CN,2022-03-23 21:52:59,39.6983,115.9925,44.82,57,24,4.07
125,Chengde,CN,2022-03-23 21:52:59,40.9725,117.9361,34.02,86,34,0.78
126,Lata,PT,2022-03-23 21:53:00,40.1629,-8.3327,57.92,73,93,8.08
127,Maniitsoq,GL,2022-03-23 21:53:00,65.4167,-52.9,1.67,89,8,6.35
128,Todos Santos,MX,2022-03-23 21:53:01,23.45,-110.2167,87.3,59,0,9.13
129,Brae,GB,2022-03-23 21:53:01,60.3964,-1.353,47.21,89,50,9.28
130,Jalu,LY,2022-03-23 21:53:01,29.0331,21.5482,52.54,54,2,11.36
131,Dingle,PH,2022-03-23 21:53:02,10.9995,122.6711,75.88,87,4,6.49
132,Vestmanna,FO,2022-03-23 21:53:02,62.1564,-7.1664,43.72,100,100,3.44
133,Sungaipenuh,ID,2022-03-23 21:53:03,-2.0833,101.3833,62.17,73,31,3.62
134,Lompoc,US,2022-03-23 21:53:03,34.6391,-120.4579,87.94,64,0,13.8
135,Ahipara,NZ,2022-03-23 21:53:03,-35.1667,173.1667,67.6,79,94,16.75
136,Darhan,MN,2022-03-23 21:53:04,49.4867,105.9228,24.82,95,100,8.48
137,Provideniya,RU,2022-03-23 21:53:04,64.3833,-173.3,15.91,67,0,7.0
138,Olinda,BR,2022-03-23 21:53:05,-8.0089,-34.8553,76.73,94,75,6.91
139,Clyde River,CA,2022-03-23 21:54:06,70.4692,-68.5914,-3.77,84,100,5.75
140,Bluff,NZ,2022-03-23 21:54:06,-46.6,168.3333,57.78,69,91,26.33
141,Mar Del Plata,AR,2022-03-23 21:49:12,-38.0023,-57.5575,71.1,97,100,20.0
142,Jiangyou,CN,2022-03-23 21:54:07,31.7667,104.7167,54.64,83,97,1.54
143,Hilo,US,2022-03-23 21:51:19,19.7297,-155.09,80.33,72,75,8.05
144,Kothen,DE,2022-03-23 21:54:07,51.75,11.9667,48.7,65,0,4.05
145,Ofunato,JP,2022-03-23 21:54:08,39.0717,141.7167,38.62,92,100,3.15
146,Meulaboh,ID,2022-03-23 21:54:08,4.1363,96.1285,76.66,90,97,3.89
147,Inongo,CD,2022-03-23 21:54:09,-1.95,18.2667,76.64,68,30,1.19
148,Nenjiang,CN,2022-03-23 21:54:09,49.1833,125.2167,17.37,100,100,4.29
149,Bambous Virieux,MU,2022-03-23 21:54:10,-20.3428,57.7575,80.85,78,20,8.05
150,Neyshabur,IR,2022-03-23 21:54:10,36.2133,58.7958,43.16,65,3,2.64
151,Georgetown,MY,2022-03-23 21:54:10,5.4112,100.3354,80.53,93,20,7.0
152,Yeppoon,AU,2022-03-23 21:54:11,-23.1333,150.7333,69.58,62,1,2.3
153,Swidnik,PL,2022-03-23 21:54:11,51.219,22.6962,49.89,40,0,8.05
154,Tevaitoa,PF,2022-03-23 21:54:12,-16.7833,-151.5,81.05,73,99,11.95
155,Saint-Philippe,RE,2022-03-23 21:54:12,-21.3585,55.7679,76.59,84,53,11.1
156,Villa Rica,US,2022-03-23 21:51:36,33.7321,-84.9191,75.67,58,48,11.23
157,Baghdad,IQ,2022-03-23 21:50:22,33.3406,44.4009,58.91,51,0,16.11
158,Mitsamiouli,KM,2022-03-23 21:54:13,-11.3847,43.2844,82.83,76,100,5.26
159,Tigil,RU,2022-03-23 21:54:13,57.8,158.6667,17.35,89,91,6.26
160,Tortoli,IT,2022-03-23 21:54:14,39.9256,9.6572,48.02,49,0,13.8
161,Nadvoitsy,RU,2022-03-23 21:54:14,63.8667,34.3167,30.78,87,35,11.05
162,Sambava,MG,2022-03-23 21:54:14,-14.2667,50.1667,76.75,89,17,7.05
163,Ostrovnoy,RU,2022-03-23 21:54:15,68.0531,39.5131,24.8,95,100,13.85
164,Minab,IR,2022-03-23 21:54:15,27.1467,57.0801,76.69,43,0,3.74
165,Kalangala,UG,2022-03-23 21:54:15,-0.3089,32.225,74.55,68,68,5.21
166,Nangong,CN,2022-03-23 21:54:16,37.3581,115.3744,45.95,89,23,8.12
167,Norman Wells,CA,2022-03-23 21:54:16,65.282,-126.8329,5.04,61,20,11.5
168,Havre,FR,2022-03-23 21:54:17,49.5833,0.3333,49.77,57,0,4.61
169,Ghanzi,BW,2022-03-23 21:54:17,-21.5667,21.7833,70.57,51,40,7.99
170,Lima,PE,2022-03-23 21:50:16,-12.0432,-77.0282,70.05,64,0,11.5
171,Verkhoyansk,RU,2022-03-23 21:54:18,67.5447,133.385,-13.43,100,98,3.56
172,Victoria,HK,2022-03-23 21:50:37,22.2855,114.1577,63.32,93,100,3.0
173,Pascagoula,US,2022-03-23 21:52:06,30.3658,-88.5561,72.5,54,72,11.45
174,Cabo San Lucas,MX,2022-03-23 21:54:18,22.8909,-109.9124,84.61,35,0,6.87
175,Vostok,RU,2022-03-23 21:54:19,46.4856,135.8833,19.56,90,56,3.29
176,Tual,ID,2022-03-23 21:54:19,-5.6667,132.75,81.79,80,100,22.24
177,Tay Ninh,VN,2022-03-23 21:54:20,11.3,106.1,80.6,78,100,5.23
178,Tutoia,BR,2022-03-23 21:54:21,-2.7619,-42.2744,76.53,93,100,7.43
179,Syamzha,RU,2022-03-23 21:54:21,60.0158,41.0614,22.53,98,86,3.4
180,Anakapalle,IN,2022-03-23 21:54:21,17.6833,83.0167,76.08,94,36,2.86
181,Ormara,PK,2022-03-23 21:54:22,25.2088,64.6357,75.72,76,0,13.09
182,Howard Springs,AU,2022-03-23 21:54:22,-12.497,131.047,82.31,97,89,3.74
183,Mayo,US,2022-03-23 21:54:23,38.8876,-76.5119,52.66,87,100,11.5
184,Aquiraz,BR,2022-03-23 21:54:23,-3.9014,-38.3911,80.69,85,100,2.62
185,Thohoyandou,ZA,2022-03-23 21:55:24,-22.9456,30.485,65.7,65,0,3.06
186,Chuy,UY,2022-03-23 21:55:24,-33.6971,-53.4616,73.08,80,100,11.86
187,Chimore,BO,2022-03-23 21:55:25,-16.9833,-65.1333,76.64,95,97,1.95
188,Pisco,PE,2022-03-23 21:55:25,-13.7,-76.2167,75.25,60,0,21.85
189,San Vicente,AR,2022-03-23 21:50:41,-26.6167,-54.1333,65.84,100,96,3.65
190,Makakilo City,US,2022-03-23 21:50:44,21.3469,-158.0858,79.68,62,100,19.57
191,Richards Bay,ZA,2022-03-23 21:55:26,-28.783,32.0377,72.99,72,18,12.26
192,Santa Ana,US,2022-03-23 21:55:10,33.7456,-117.8678,91.96,18,0,12.66
193,Qaqortoq,GL,2022-03-23 21:55:26,60.7167,-46.0333,24.06,85,100,5.7
194,Pevek,RU,2022-03-23 21:55:27,69.7008,170.3133,16.66,85,100,5.14
195,Bilma,NE,2022-03-23 21:55:27,18.6853,12.9164,71.96,13,1,10.2
196,Kerrville,US,2022-03-23 21:55:27,30.0474,-99.1403,66.45,18,0,10.36
197,Buala,SB,2022-03-23 21:55:28,-8.145,159.5921,81.55,78,55,3.74
198,Avenal,US,2022-03-23 21:55:28,36.0041,-120.129,83.97,26,0,1.23
199,Kautokeino,NO,2022-03-23 21:55:28,69.0125,23.0412,22.48,90,100,13.62
200,Ixtapa,MX,2022-03-23 21:55:29,20.7,-105.2,86.43,21,30,7.38
201,Ukiah,US,2022-03-23 21:55:29,39.1502,-123.2078,83.44,33,0,8.05
202,Kodiak,US,2022-03-23 21:55:30,57.79,-152.4072,32.54,70,100,13.91
203,Miyako,JP,2022-03-23 21:55:30,39.6367,141.9525,38.05,84,100,3.31
204,Havre-Saint-Pierre,CA,2022-03-23 21:55:31,50.2334,-63.5986,35.96,44,0,18.41
205,Samarai,PG,2022-03-23 21:55:31,-10.6167,150.6667,82.78,77,30,9.22
206,Wewak,PG,2022-03-23 21:55:31,-3.5534,143.6268,79.74,84,100,4.12
207,Port Elizabeth,ZA,2022-03-23 21:55:32,-33.918,25.5701,67.1,89,100,11.5
208,Port Alfred,ZA,2022-03-23 21:55:32,-33.5906,26.891,72.03,82,97,13.09
209,Hervey Bay,AU,2022-03-23 21:55:32,-25.2986,152.8535,78.03,71,27,7.0
210,Pedernales,DO,2022-03-23 21:55:33,18.0384,-71.744,83.86,55,66,16.51
211,Hithadhoo,MV,2022-03-23 21:55:33,-0.6,73.0833,83.32,66,10,15.59
212,Portland,US,2022-03-23 21:50:59,45.5234,-122.6762,59.45,87,75,12.66
213,Te Anau,NZ,2022-03-23 21:55:34,-45.4167,167.7167,58.17,58,68,5.55
214,Cherskiy,RU,2022-03-23 21:55:34,68.75,161.3,12.11,94,99,0.96
215,Katsuura,JP,2022-03-23 21:55:35,35.1333,140.3,46.33,90,77,15.48
216,Rudbar,AF,2022-03-23 21:55:35,30.15,62.6,59.27,36,0,9.42
217,Rorvik,NO,2022-03-23 21:55:35,64.8621,11.2373,42.91,93,75,21.85
218,Karema,TZ,2022-03-23 21:55:36,-6.8205,30.4389,70.75,85,71,2.46
219,Balabac,PH,2022-03-23 21:55:37,7.9868,117.0645,80.91,80,20,7.14
220,Sungairaya,ID,2022-03-23 21:55:37,0.7,108.9,77.67,86,95,2.84
221,Ouadda,CF,2022-03-23 21:55:38,8.0777,22.4007,78.6,27,62,6.2
222,Nouakchott,MR,2022-03-23 21:55:38,18.0858,-15.9785,69.73,71,0,19.3
223,Namatanai,PG,2022-03-23 21:55:38,-3.6667,152.4333,81.9,77,100,5.97
224,Egvekinot,RU,2022-03-23 21:55:39,66.3167,-179.1667,13.53,69,71,1.43
225,Mocuba,MZ,2022-03-23 21:55:39,-16.8392,36.9856,69.91,98,8,1.41
226,Batemans Bay,AU,2022-03-23 21:55:39,-35.7167,150.1833,65.1,88,100,1.23
227,Xuddur,SO,2022-03-23 21:55:40,4.1213,43.8894,77.83,67,11,14.07
228,Touros,BR,2022-03-23 21:55:40,-5.1989,-35.4608,80.89,78,100,11.39
229,Bereda,ES,2022-03-23 21:55:41,43.2686,-7.5406,49.57,99,80,2.8
230,Road Town,VG,2022-03-23 21:55:41,18.4167,-64.6167,78.84,73,40,14.97
231,Mount Gambier,AU,2022-03-23 21:56:41,-37.8333,140.7667,51.71,87,100,1.14
232,Krasnoslobodsk,RU,2022-03-23 21:56:42,48.7072,44.5714,33.62,69,0,8.95
233,Bowmore,US,2022-03-23 21:56:43,34.9421,-79.3031,75.52,80,100,10.0
234,Kattivakkam,IN,2022-03-23 21:56:43,13.2167,80.3167,84.29,89,66,7.05
235,Srednekolymsk,RU,2022-03-23 21:56:44,67.45,153.6833,1.09,97,99,2.21
236,Zyukayka,RU,2022-03-23 21:56:44,58.2025,54.7003,32.22,90,100,8.75
237,Tuatapere,NZ,2022-03-23 21:56:44,-46.1333,167.6833,57.34,69,70,11.5
238,Synya,RU,2022-03-23 21:56:45,65.3718,58.0387,15.21,93,100,8.81
239,Altoona,US,2022-03-23 21:55:01,40.5187,-78.3947,43.23,91,100,11.34
240,Klaksvik,FO,2022-03-23 21:56:45,62.2266,-6.589,45.52,93,96,5.06
241,Banjar,ID,2022-03-23 21:56:46,-8.19,114.9675,78.19,93,100,1.21
242,Le Vauclin,MQ,2022-03-23 21:56:46,14.5452,-60.8388,78.84,78,75,13.8
243,Vao,NC,2022-03-23 21:56:46,-22.6667,167.4833,77.22,63,29,13.18
244,College,US,2022-03-23 21:56:47,64.8569,-147.8028,18.46,46,0,11.5
245,Sorong,ID,2022-03-23 21:56:47,-0.8833,131.25,78.06,85,100,4.41
246,Winnemucca,US,2022-03-23 21:56:47,40.973,-117.7357,65.35,31,0,8.16
247,Flinders,AU,2022-03-23 21:56:48,-34.5833,150.8552,66.18,85,100,4.0
248,Banamba,ML,2022-03-23 21:56:48,13.55,-7.45,86.2,14,32,7.74
249,Benguela,AO,2022-03-23 21:56:49,-12.5763,13.4055,79.12,85,100,1.81
250,Emba,KZ,2022-03-23 21:56:49,48.8264,58.1442,14.18,98,86,6.67
251,Sola,VU,2022-03-23 21:56:50,-13.8833,167.55,83.07,79,40,0.0
252,Severnyy,RU,2022-03-23 21:56:50,50.677,36.5532,37.44,81,0,4.47
253,Saldanha,ZA,2022-03-23 21:56:50,-33.0117,17.9442,66.25,88,36,19.66
254,Pucallpa,PE,2022-03-23 21:56:51,-8.3791,-74.5539,89.64,58,40,4.61
255,San Cristobal,VE,2022-03-23 21:56:51,7.7669,-72.225,78.98,41,41,1.86
256,Paratinga,BR,2022-03-23 21:56:51,-12.6906,-43.1842,81.18,54,67,5.66
257,Chicama,PE,2022-03-23 21:56:52,-7.8447,-79.1469,68.54,63,38,10.63
258,Mirnyy,RU,2022-03-23 21:56:52,62.5353,113.9611,3.29,99,100,2.13
259,Fukue,JP,2022-03-23 21:56:53,32.6881,128.8419,53.31,60,0,10.98
260,Lavrentiya,RU,2022-03-23 21:56:53,65.5833,-171.0,7.25,72,0,3.09
261,Duluth,US,2022-03-23 21:54:37,46.7833,-92.1066,36.18,88,75,27.63
262,Henties Bay,NA,2022-03-23 21:56:54,-22.116,14.2845,66.09,90,1,8.48
263,Grand Gaube,MU,2022-03-23 21:56:55,-20.0064,57.6608,81.0,81,68,5.99
264,Fort Nelson,CA,2022-03-23 21:56:55,58.8053,-122.7002,26.19,80,75,2.3
265,Nsanje,MW,2022-03-23 21:56:56,-16.92,35.262,70.79,94,24,1.72
266,Porto Novo,BJ,2022-03-23 21:56:56,6.4965,2.6036,84.02,78,100,8.61
267,Christchurch,NZ,2022-03-23 21:54:41,-43.5333,172.6333,67.32,86,100,9.22
268,Uige,AO,2022-03-23 21:56:57,-7.6087,15.0613,67.05,95,39,3.24
269,Taitung,TW,2022-03-23 21:56:57,22.7583,121.1444,66.79,86,96,9.84
270,Noumea,NC,2022-03-23 21:56:58,-22.2763,166.4572,81.0,99,95,9.55
271,Sangueya,GN,2022-03-23 21:56:58,10.7,-14.3667,72.68,83,35,4.74
272,Esmeraldas,BR,2022-03-23 21:54:44,-19.7625,-44.3139,77.11,77,96,8.59
273,Moron,AR,2022-03-23 21:56:59,-34.6534,-58.6198,76.89,86,92,7.9
274,Aitape,PG,2022-03-23 21:56:59,-3.1374,142.3475,79.86,80,97,2.75
275,Uyuni,BO,2022-03-23 21:58:00,-20.4597,-66.825,61.27,16,10,20.33
276,Berdychiv,UA,2022-03-23 21:58:00,49.8993,28.6024,44.15,62,5,7.38
277,Mecca,SA,2022-03-23 21:54:29,21.4267,39.8261,67.44,55,0,8.48
278,Thinadhoo,MV,2022-03-23 21:58:01,0.5333,72.9333,83.43,66,80,14.7
279,Alaca,TR,2022-03-23 21:58:01,40.1683,34.8425,29.5,91,91,1.54
280,Nynashamn,SE,2022-03-23 21:58:02,58.9034,17.9479,42.12,74,2,9.13
281,Pekalongan,ID,2022-03-23 21:58:02,-6.8886,109.6753,78.01,85,100,3.65
282,Haines Junction,CA,2022-03-23 21:58:03,60.7522,-137.5108,35.55,60,87,3.44
283,Prince Rupert,CA,2022-03-23 21:58:03,54.3161,-130.3201,46.49,66,75,14.97
284,Nassau,US,2022-03-23 21:58:03,40.7507,-73.5829,44.06,59,100,5.01
285,Port Lincoln,AU,2022-03-23 21:58:04,-34.7333,135.8667,60.4,69,2,7.36
286,Churachandpur,IN,2022-03-23 21:58:04,24.3333,93.6667,60.58,65,52,1.68
287,Honiara,SB,2022-03-23 21:55:13,-9.4333,159.95,80.13,82,91,1.83
288,Ayan,RU,2022-03-23 21:58:04,56.45,138.1667,12.13,85,4,6.31
289,Ust-Tsilma,RU,2022-03-23 21:58:05,65.441,52.1498,17.49,92,99,7.18
290,Longyearbyen,SJ,2022-03-23 21:58:05,78.2186,15.6401,-2.36,65,20,11.5
291,Humaita,BR,2022-03-23 21:58:06,-7.5061,-63.0208,78.87,94,100,1.39
292,Buraydah,SA,2022-03-23 21:58:06,26.326,43.975,73.85,15,36,10.96
293,Saint-Pierre,RE,2022-03-23 21:58:07,-21.3393,55.4781,77.92,83,0,2.3
294,Buzmeyin,TM,2022-03-23 21:58:07,38.0507,58.2056,42.53,81,100,4.61
295,Sherbrooke,CA,2022-03-23 21:55:48,45.4001,-71.8991,43.38,38,20,3.44
296,Haizhou,CN,2022-03-23 21:58:08,34.5817,119.1289,42.3,94,0,6.96
297,Ponta Do Sol,PT,2022-03-23 21:58:08,32.6667,-17.1,60.06,70,27,11.52
298,Golubitskaya,RU,2022-03-23 21:58:09,45.3222,37.2822,37.81,61,24,19.06
299,San Borja,BO,2022-03-23 21:58:09,-14.8167,-66.85,79.5,90,88,3.47
300,Faanui,PF,2022-03-23 21:58:10,-16.4833,-151.75,80.82,73,99,9.98
301,Kampong Cham,KH,2022-03-23 21:58:10,11.9934,105.4635,80.04,79,98,5.82
302,Sept-Iles,CA,2022-03-23 21:56:02,50.2001,-66.3821,39.72,46,0,12.66
303,Port Hedland,AU,2022-03-23 21:58:06,-20.3167,118.5667,86.05,84,98,4.61
304,Kavaratti,IN,2022-03-23 21:58:11,10.5669,72.642,82.72,67,27,4.68
305,Manokwari,ID,2022-03-23 21:58:11,-0.8667,134.0833,78.3,85,100,2.55
306,Ketchikan,US,2022-03-23 21:53:57,55.3422,-131.6461,42.78,87,100,8.25
307,Nome,US,2022-03-23 21:58:12,64.5011,-165.4064,19.17,53,0,12.62
308,Hirara,JP,2022-03-23 21:58:12,24.8,125.2833,66.47,77,75,9.22
309,Poum,NC,2022-03-23 21:58:12,-20.2333,164.0167,79.43,76,80,4.99
310,Port Keats,AU,2022-03-23 21:58:13,-14.25,129.55,77.43,91,98,5.82
311,Norrtalje,SE,2022-03-23 21:58:13,59.758,18.705,40.35,77,1,5.44
312,Gat,IL,2022-03-23 21:55:04,31.61,34.7642,50.68,100,87,5.66
313,Bambanglipuro,ID,2022-03-23 21:58:14,-7.95,110.2833,76.57,91,100,0.47
314,Severo-Yeniseyskiy,RU,2022-03-23 21:58:14,60.3725,93.0408,1.47,99,98,3.8
315,Thio,NC,2022-03-23 21:58:15,-21.6167,166.2167,78.76,75,97,8.14
316,Palestine,PS,2022-03-23 21:58:15,31.9216,35.2033,42.22,86,70,10.2
317,Durham,US,2022-03-23 21:55:50,36.0335,-78.8664,72.36,87,100,1.99
318,San Carlos De Bariloche,AR,2022-03-23 21:54:27,-41.1456,-71.3082,47.95,46,75,18.41
319,Waingapu,ID,2022-03-23 21:58:16,-9.6567,120.2641,77.76,81,100,3.13
320,Carbonia,IT,2022-03-23 21:55:48,39.1672,8.5222,49.01,81,74,8.43
321,Sisimiut,GL,2022-03-23 21:58:16,66.9395,-53.6735,0.32,79,7,8.99
322,Shahreza,IR,2022-03-23 21:58:17,32.0339,51.8794,54.16,34,0,4.09
323,Bombay,IN,2022-03-23 21:59:06,19.0144,72.8479,84.18,54,40,5.75
324,La Ronge,CA,2022-03-23 21:59:18,55.1001,-105.2842,55.62,26,75,12.66
325,Huilong,CN,2022-03-23 21:59:18,31.8111,121.655,43.93,78,0,10.0
326,Pennagaram,IN,2022-03-23 21:59:18,12.1333,77.9,76.08,72,25,1.05
327,Kropotkin,RU,2022-03-23 21:59:19,45.4375,40.5756,34.56,62,20,16.55
328,Skvyra,UA,2022-03-23 21:59:19,49.7318,29.6657,44.65,63,16,6.73
329,Telemaco Borba,BR,2022-03-23 21:59:20,-24.3239,-50.6156,66.83,92,80,2.55
330,Mubi,NG,2022-03-23 21:59:20,10.2676,13.2644,80.73,18,98,4.7
331,Shieli,KZ,2022-03-23 21:59:21,44.1667,66.75,36.14,57,100,6.22
332,Maxixe,MZ,2022-03-23 21:59:21,-23.8597,35.3472,72.5,89,0,3.71
333,Jiexiu,CN,2022-03-23 21:59:21,37.0244,111.9125,50.67,49,95,1.45
334,Sinnamary,GF,2022-03-23 21:59:22,5.3833,-52.95,77.05,89,100,10.74
335,Kyshtovka,RU,2022-03-23 21:59:22,56.555,76.6271,24.33,93,100,10.18
336,Iqaluit,CA,2022-03-23 21:59:22,63.7506,-68.5145,2.93,78,100,2.3
337,Laguna,US,2022-03-23 21:59:23,38.421,-121.4238,85.17,41,0,6.91
338,Sur,OM,2022-03-23 21:59:23,22.5667,59.5289,79.54,42,0,6.73
339,Lanzhou,CN,2022-03-23 21:59:24,36.0564,103.7922,52.29,45,100,1.92
340,Gweta,BW,2022-03-23 21:59:24,-20.1833,25.2333,73.49,58,56,7.72
341,Lasa,IT,2022-03-23 21:59:24,46.6166,10.7002,43.02,62,1,0.65
342,Neiafu,TO,2022-03-23 21:59:25,-18.65,-173.9833,79.48,89,75,4.61
343,Praia,CV,2022-03-23 21:59:25,14.9215,-23.5087,70.34,73,20,21.85
344,Churu,IN,2022-03-23 21:59:26,28.3,74.95,76.41,23,0,10.0
345,Maple Creek,CA,2022-03-23 21:59:26,49.9168,-109.4848,69.85,24,15,16.11
346,Stony Mountain,CA,2022-03-23 21:59:26,50.0864,-97.2196,38.12,75,40,9.22
347,Marsh Harbour,BS,2022-03-23 21:59:27,26.5412,-77.0636,76.75,77,17,18.84
348,Jieshi,CN,2022-03-23 21:59:27,22.8134,115.8257,59.95,89,100,14.76
349,Colac,AU,2022-03-23 21:59:28,-38.3333,143.5833,55.83,70,91,0.89
350,Atbasar,KZ,2022-03-23 21:59:28,51.8,68.3333,21.72,96,100,15.84
351,Constitucion,CL,2022-03-23 21:59:29,-35.3333,-72.4167,58.96,60,9,16.55
352,Las Vegas,US,2022-03-23 21:59:29,36.175,-115.1372,76.26,13,0,1.01
353,San Patricio,US,2022-03-23 21:59:30,28.017,-97.5169,75.29,21,0,6.49
354,Hofn,IS,2022-03-23 21:59:30,64.2539,-15.2082,36.12,79,100,1.16
355,Aswan,EG,2022-03-23 21:59:30,24.0934,32.907,60.1,26,0,9.22
356,Lufilufi,WS,2022-03-23 21:59:31,-13.8745,-171.5986,87.58,76,97,8.08
357,Kenai,US,2022-03-23 21:59:31,60.5544,-151.2583,39.02,88,100,7.43
358,Jamame,SO,2022-03-23 21:59:32,0.0722,42.7506,79.38,90,33,9.8
359,Quelimane,MZ,2022-03-23 21:59:32,-17.8786,36.8883,76.95,88,20,0.0
360,Lyngdal,NO,2022-03-23 21:59:33,58.1376,7.07,40.89,77,76,7.58
361,Oregon,US,2022-03-23 21:59:33,44.0001,-120.5014,60.57,38,96,18.3
362,Burnie,AU,2022-03-23 21:59:33,-41.0667,145.9167,56.95,77,62,8.23
363,Lyubytino,RU,2022-03-23 21:59:34,58.8122,33.3922,25.83,99,29,0.56
364,Nichinan,JP,2022-03-23 21:59:34,31.6,131.3667,40.68,86,39,3.27
365,Katobu,ID,2022-03-23 21:59:34,-4.9408,122.5276,74.21,94,87,2.39
366,Tukrah,LY,2022-03-23 22:00:35,32.5341,20.5791,50.61,63,4,9.95
367,Kazanka,UA,2022-03-23 22:00:35,47.8462,32.8218,40.75,49,0,4.25
368,Nelson Bay,AU,2022-03-23 22:00:37,-32.7167,152.15,68.0,94,100,3.0
369,Najran,SA,2022-03-23 22:00:37,17.4924,44.1277,75.97,44,77,5.35
370,Senanga,ZM,2022-03-23 22:00:38,-16.1167,23.2667,69.3,79,95,4.83
371,Alice Springs,AU,2022-03-23 22:00:38,-23.7,133.8833,69.22,32,52,0.0
372,Irondequoit,US,2022-03-23 22:00:39,43.2134,-77.5797,45.88,81,100,13.8
373,Asau,RO,2022-03-23 22:00:40,46.4333,26.4,43.95,49,0,5.75
374,Tilichiki,RU,2022-03-23 22:00:43,60.4667,166.1,17.98,93,98,1.45
375,Comodoro Rivadavia,AR,2022-03-23 22:00:43,-45.8667,-67.5,56.28,39,82,10.45
376,Eenhana,NA,2022-03-23 22:00:44,-17.4667,16.3333,70.12,77,100,7.27
377,Imbituba,BR,2022-03-23 22:00:44,-28.24,-48.6703,73.81,86,100,16.13
378,Paso De Los Toros,UY,2022-03-23 22:00:45,-32.8167,-56.5167,72.36,88,100,7.36
379,Manali,IN,2022-03-23 21:59:15,13.1667,80.2667,84.29,89,61,6.69
380,Miquelon,PM,2022-03-23 22:00:45,47.0975,-56.3814,35.33,76,52,21.0
381,Kindersley,CA,2022-03-23 22:00:35,51.4668,-109.1682,56.35,57,12,11.88
382,Petropavlovsk-Kamchatskiy,RU,2022-03-23 22:00:46,53.0452,158.6483,25.39,68,75,4.47
383,Itoman,JP,2022-03-23 22:00:46,26.1247,127.6694,62.62,72,75,10.36
384,Devils Lake,US,2022-03-23 22:00:47,48.1128,-98.8651,41.11,78,8,10.0
385,Tangua,BR,2022-03-23 22:00:48,-22.7303,-42.7142,70.43,80,17,5.95
386,Feijo,BR,2022-03-23 22:00:48,-8.1642,-70.3536,80.08,87,85,1.3
387,Yulara,AU,2022-03-23 22:00:49,-25.2406,130.9889,69.04,53,12,15.57
388,Mouila,GA,2022-03-23 22:00:49,-1.8685,11.0559,72.77,97,97,1.81
389,East London,ZA,2022-03-23 22:00:33,-33.0153,27.9116,72.32,74,89,7.05
390,Puerto Del Rosario,ES,2022-03-23 22:00:50,28.5004,-13.8627,62.35,63,20,10.36
391,Davidson,US,2022-03-23 21:56:32,36.1501,-86.7833,56.39,67,100,12.66
392,Carlentini,IT,2022-03-23 22:00:51,37.2696,15.0126,50.79,74,11,4.23
393,Wasilla,US,2022-03-23 22:00:51,61.5814,-149.4394,41.07,50,75,21.85
394,Fortuna,US,2022-03-23 22:00:51,40.5982,-124.1573,63.93,75,0,3.44
395,Mega,ET,2022-03-23 22:00:52,4.05,38.3,64.58,62,36,2.55
396,Haverfordwest,GB,2022-03-23 22:00:53,51.8017,-4.9691,46.54,78,8,4.09
397,Port Hardy,CA,2022-03-23 21:59:35,50.6996,-127.4199,46.58,76,75,2.3
398,La Palma,US,2022-03-23 21:58:08,33.8464,-118.0467,91.87,28,0,10.29
399,Alexander City,US,2022-03-23 22:00:54,32.944,-85.9539,73.18,40,40,13.8
400,Nuuk,GL,2022-03-23 21:58:03,64.1835,-51.7216,-0.65,98,17,8.34
401,Atar,MR,2022-03-23 22:00:54,20.5169,-13.0499,76.12,17,0,8.43
402,Santa Barbara,US,2022-03-23 22:00:55,34.7333,-120.0343,82.35,23,0,11.5
403,Birao,CF,2022-03-23 22:00:55,10.2849,22.7882,81.36,9,100,4.5
404,Alto Araguaia,BR,2022-03-23 22:00:56,-17.3147,-53.2153,75.4,77,91,5.1
405,Eureka,US,2022-03-23 21:59:49,40.8021,-124.1637,73.74,76,87,8.57
406,Ankazoabo,MG,2022-03-23 22:00:56,-22.2833,44.5167,72.01,88,8,2.42
407,Weyburn,CA,2022-03-23 22:00:57,49.6668,-103.8511,47.16,49,33,10.2
408,Hualmay,PE,2022-03-23 22:00:57,-11.0964,-77.6139,72.72,76,54,10.0
409,Lokosovo,RU,2022-03-23 22:00:58,61.1333,74.8167,16.38,97,100,2.75
410,Luba,GQ,2022-03-23 22:01:58,3.4568,8.5547,82.15,83,94,4.03
411,Ranfurly,NZ,2022-03-23 22:01:59,-45.1333,170.1,65.1,72,99,2.59
412,Nizhniy Baskunchak,RU,2022-03-23 22:01:59,48.2198,46.8311,34.86,59,0,6.89
413,Volchikha,RU,2022-03-23 22:02:00,52.0333,80.3833,21.52,94,100,15.77
414,Shiyan,CN,2022-03-23 22:00:21,32.6475,110.7781,47.05,96,30,2.68
415,Faya,SA,2022-03-23 22:02:00,18.3851,42.4509,61.47,63,3,4.18
416,Pangnirtung,CA,2022-03-23 22:02:01,66.1451,-65.7125,-2.2,71,100,3.44
417,Tan An,VN,2022-03-23 22:02:01,10.5333,106.4167,80.62,88,44,4.47
418,Urumqi,CN,2022-03-23 22:02:02,43.801,87.6005,25.75,86,40,4.47
419,Hokitika,NZ,2022-03-23 22:02:02,-42.7167,170.9667,66.81,76,39,3.49
420,Noshiro,JP,2022-03-23 22:02:02,40.2039,140.0242,37.2,78,95,3.91
421,The Valley,AI,2022-03-23 22:02:03,18.217,-63.0578,78.82,71,0,17.78
422,Storforshei,NO,2022-03-23 22:02:03,66.4043,14.5233,42.58,86,75,8.05
423,Itaituba,BR,2022-03-23 22:02:04,-4.2761,-55.9836,76.24,97,72,2.24
424,San Quintin,MX,2022-03-23 22:02:04,30.4833,-115.95,72.66,41,0,12.37
425,Margate,GB,2022-03-23 22:01:26,51.3813,1.3862,50.7,67,0,3.71
426,Vila Velha,BR,2022-03-23 22:01:18,-20.3297,-40.2925,77.95,77,98,5.01
427,Kahului,US,2022-03-23 21:58:57,20.8947,-156.47,75.97,89,74,13.06
428,Port Blair,IN,2022-03-23 22:00:13,11.6667,92.75,79.43,83,77,1.9
429,Guerrero Negro,MX,2022-03-23 22:02:05,27.9769,-114.0611,80.6,26,0,15.26
430,Lianran,CN,2022-03-23 22:02:06,24.9227,102.485,56.16,97,100,2.35
431,Deputatskiy,RU,2022-03-23 22:02:06,69.3,139.9,-1.16,96,100,1.9
432,Ambanja,MG,2022-03-23 22:02:07,-13.6833,48.45,75.7,93,22,3.31
433,Lebanon,US,2022-03-23 22:02:07,36.2081,-86.2911,59.22,59,100,23.02
434,Namibe,AO,2022-03-23 22:02:07,-15.1961,12.1522,75.27,83,97,5.99
435,Meadow Lake,US,2022-03-23 22:02:08,34.8014,-106.5436,51.96,36,21,21.0
436,Kifri,IQ,2022-03-23 22:02:08,34.6959,44.9661,56.37,55,19,18.72
437,Nishihara,JP,2022-03-23 22:02:09,26.1842,127.7558,61.88,72,75,10.36
438,Saint-Georges,GD,2022-03-23 21:59:16,12.0564,-61.7485,82.08,69,20,16.11
439,Ostersund,SE,2022-03-23 22:02:09,63.1792,14.6357,43.25,56,100,11.5
440,Xalpatlahuac,MX,2022-03-23 22:02:10,17.4667,-98.6167,82.18,20,1,10.36
441,Cabinda,AO,2022-03-23 22:02:10,-5.55,12.2,79.7,92,46,5.37
442,Abha,SA,2022-03-23 22:02:11,18.2164,42.5053,61.56,65,5,3.62
443,Manicore,BR,2022-03-23 22:02:11,-5.8092,-61.3003,77.5,91,100,1.92
444,Kawalu,ID,2022-03-23 22:02:11,-7.3817,108.2082,71.96,95,98,0.67
445,Limbang,MY,2022-03-23 22:02:12,4.75,115.0,77.11,97,79,1.41
446,Chaman,PK,2022-03-23 22:02:12,30.9236,66.4512,62.91,27,0,1.03
447,Bandarbeyla,SO,2022-03-23 22:02:13,9.4942,50.8122,76.08,81,18,1.48
448,Coahuayana,MX,2022-03-23 22:02:13,18.7333,-103.6833,86.81,34,2,7.07
449,Salalah,OM,2022-03-23 22:02:14,17.0151,54.0924,73.78,53,6,2.46
450,Baracoa,CU,2022-03-23 22:02:14,20.3467,-74.4958,80.65,67,11,8.48
451,Sitka,US,2022-03-23 22:02:15,57.0531,-135.33,39.09,81,100,12.66
452,Plettenberg Bay,ZA,2022-03-23 22:02:15,-34.0527,23.3716,68.43,82,93,5.68
453,Novo Aripuana,BR,2022-03-23 22:02:15,-5.1206,-60.3797,77.52,96,100,0.83
454,Lagoa,PT,2022-03-23 22:02:16,39.05,-27.9833,60.3,68,100,8.37
455,Caravelas,BR,2022-03-23 22:02:16,-17.7125,-39.2481,75.33,88,100,7.34
456,Nalut,LY,2022-03-23 22:02:17,30.3333,10.85,53.44,35,2,15.32
457,Boende,CD,2022-03-23 22:03:17,-0.2167,20.8667,74.16,75,21,2.19
458,Koslan,RU,2022-03-23 22:03:18,63.4564,48.8989,18.59,95,85,3.29
459,Ugoofaaru,MV,2022-03-23 22:03:18,5.6667,73.0,82.53,65,8,12.21
460,Conde,BR,2022-03-23 22:03:19,-7.2597,-34.9075,78.73,80,76,9.93
461,Kiunga,PG,2022-03-23 22:03:19,-6.1219,141.2906,74.86,95,97,3.67
462,Port Macquarie,AU,2022-03-23 22:01:52,-31.4333,152.9167,69.89,94,75,4.61
463,Nagua,DO,2022-03-23 22:03:20,19.3832,-69.8474,78.69,73,13,13.11
464,Krasnoyarskiy,RU,2022-03-23 22:03:20,51.965,59.8967,22.71,94,21,13.29
465,Nanuque,BR,2022-03-23 22:03:21,-17.8392,-40.3539,71.83,97,100,10.27
466,Pasighat,IN,2022-03-23 22:03:21,28.0667,95.3333,70.41,69,81,5.3
467,Avera,US,2022-03-23 22:03:22,33.194,-82.5271,75.25,87,100,12.95
468,Bemidji,US,2022-03-23 22:03:22,47.4736,-94.8803,37.89,78,100,14.97
469,Kiama,AU,2022-03-23 22:00:11,-34.6833,150.8667,66.38,86,100,1.01
470,Kazuno,JP,2022-03-23 22:03:23,40.1836,140.7872,34.68,83,99,1.5
471,Flin Flon,CA,2022-03-23 22:03:23,54.7682,-101.865,38.75,94,100,9.78
472,Andenes,NO,2022-03-23 22:02:19,69.3143,16.1194,35.58,69,75,16.11
473,Anisoc,GQ,2022-03-23 22:03:24,1.8658,10.7689,72.36,97,70,1.77
474,Martapura,ID,2022-03-23 22:03:24,-3.4167,114.85,75.29,100,99,2.3
475,San Policarpo,PH,2022-03-23 22:03:25,12.1791,125.5072,79.63,82,3,8.19
476,Almeirim,BR,2022-03-23 22:03:25,-1.5233,-52.5817,77.32,93,37,3.58
477,Aljezur,PT,2022-03-23 22:03:26,37.3191,-8.8033,53.49,94,100,8.84
478,Itupiranga,BR,2022-03-23 22:03:26,-5.1347,-49.3267,82.72,95,90,3.0
479,San Jose,US,2022-03-23 22:00:30,37.3394,-121.895,84.49,50,0,12.66
480,Timizart,DZ,2022-03-23 22:03:27,36.8,4.2667,50.86,87,100,7.49
481,Weihe,CN,2022-03-23 22:03:27,32.9952,105.3247,46.0,99,100,5.03
482,Bouar,CF,2022-03-23 22:03:28,5.934,15.596,72.05,32,9,2.59
483,Isagarh,IN,2022-03-23 22:03:28,24.8333,77.8833,78.28,18,4,3.27
484,Santiago Del Estero,AR,2022-03-23 22:01:01,-27.7951,-64.2615,81.57,67,49,6.29
485,Yenagoa,NG,2022-03-23 22:03:29,4.9247,6.2642,79.88,85,100,3.4
486,Havoysund,NO,2022-03-23 22:03:29,70.9963,24.6622,30.43,60,100,15.7
487,Tubuala,PA,2022-03-23 22:03:30,9.5167,-79.0333,79.99,78,21,9.57
488,Rock Sound,BS,2022-03-23 22:03:30,24.9,-76.2,76.6,78,0,14.79
489,Beringovskiy,RU,2022-03-23 22:03:31,63.05,179.3167,16.79,91,100,3.29
490,Platteville,US,2022-03-23 22:03:31,42.7342,-90.4785,41.56,95,100,13.71
491,Djibo,BF,2022-03-23 22:03:32,14.1022,-1.6306,86.83,10,26,8.34
492,Wajir,KE,2022-03-23 22:03:32,1.7471,40.0573,82.44,60,5,19.17
493,Ossora,RU,2022-03-23 22:03:33,59.2353,163.0719,18.41,85,100,3.24
494,Mana,GF,2022-03-23 22:03:33,5.6592,-53.7767,76.39,91,100,9.35
495,Cayenne,GF,2022-03-23 22:00:10,4.9333,-52.3333,80.1,1,75,9.22
496,Daru,PG,2022-03-23 22:03:34,-9.0763,143.2092,77.52,89,87,5.41
497,Merauke,ID,2022-03-23 22:03:34,-8.4667,140.3333,78.33,87,96,6.89
498,Komsomolskiy,UZ,2022-03-23 22:03:35,40.4272,71.7189,40.55,81,100,4.81
499,Aguada De Cima,PT,2022-03-23 22:03:35,40.5229,-8.427,59.58,87,96,3.44
500,Goundam,ML,2022-03-23 22:03:35,16.4145,-3.6708,82.89,9,9,9.78
501,Bubaque,GW,2022-03-23 22:04:36,11.2833,-15.8333,74.73,73,47,12.21
502,Marawi,PH,2022-03-23 22:04:36,7.9986,124.2928,66.06,93,91,2.17
503,Luderitz,NA,2022-03-23 22:04:37,-26.6481,15.1594,64.04,88,1,10.27
504,La Union,PE,2022-03-23 22:04:37,-5.4,-80.75,87.48,40,59,20.38
505,Liyang,CN,2022-03-23 22:04:38,29.7057,118.2862,44.56,94,0,2.44
506,Alpine,US,2022-03-23 22:04:38,32.835,-116.7664,85.55,14,0,11.5
507,Kintampo,GH,2022-03-23 22:04:38,8.0563,-1.7306,84.79,46,70,5.73
508,Barra Do Garcas,BR,2022-03-23 22:04:39,-15.89,-52.2567,76.51,84,62,3.87
509,Karatuzskoye,RU,2022-03-23 22:04:39,53.6072,92.8667,7.05,95,48,4.59
510,Yuncheng,CN,2022-03-23 22:04:39,35.0231,110.9928,51.66,66,80,6.24
511,Belyy Yar,RU,2022-03-23 22:04:40,53.6039,91.3903,22.89,65,0,8.95
512,Am Timan,TD,2022-03-23 22:04:40,11.0297,20.2827,87.17,22,100,5.86
513,Sioux Lookout,CA,2022-03-23 22:04:40,50.1001,-91.917,33.87,86,75,5.75
514,Sesheke,ZM,2022-03-23 22:04:41,-17.4759,24.2968,64.63,86,17,5.01
515,Ruteng,ID,2022-03-23 22:04:41,-8.6136,120.4721,62.96,91,100,0.36
516,Seeboden,AT,2022-03-23 22:04:41,46.8219,13.495,47.62,66,0,4.63
517,Cockburn Town,TC,2022-03-23 22:04:42,21.4612,-71.1419,78.13,72,1,21.65
518,Okato,NZ,2022-03-23 22:04:42,-39.2,173.8833,64.51,90,100,13.15
519,Bratsk,RU,2022-03-23 22:04:43,56.1325,101.6142,18.09,96,100,4.0
520,Novyy Buyan,RU,2022-03-23 22:04:43,53.6861,50.0469,30.36,93,100,5.82
521,Rafai,CF,2022-03-23 22:04:44,4.95,23.9167,72.81,73,66,4.45
522,Toamasina,MG,2022-03-23 22:04:44,-18.1667,49.3833,75.2,89,82,9.69
523,Aksu,CN,2022-03-23 22:04:44,41.1231,80.2644,48.94,51,88,4.32
524,Pontianak,ID,2022-03-23 22:02:40,-0.0333,109.3333,75.18,94,94,0.0
525,Altay,CN,2022-03-23 22:04:45,47.8667,88.1167,13.1,68,97,5.21
526,Trairi,BR,2022-03-23 22:04:45,-3.2778,-39.2689,74.68,85,100,3.04
527,Sao Geraldo Do Araguaia,BR,2022-03-23 22:04:46,-6.4006,-48.555,75.33,96,99,3.67
528,Dunedin,NZ,2022-03-23 22:01:23,-45.8742,170.5036,63.81,75,83,15.01
529,Axim,GH,2022-03-23 22:04:46,4.8699,-2.2405,80.17,86,100,4.9
530,Aklavik,CA,2022-03-23 22:04:46,68.2191,-135.0107,-8.27,91,100,16.75
531,Waipawa,NZ,2022-03-23 22:04:47,-41.4122,175.5153,60.19,98,100,6.46
532,Sakaiminato,JP,2022-03-23 22:04:47,35.55,133.2333,40.93,81,46,10.6
533,Gazli,UZ,2022-03-23 22:04:48,40.1333,63.45,43.03,57,70,2.98
534,Capoterra,IT,2022-03-23 22:04:48,39.1763,8.9718,50.54,70,0,4.61
535,Eruwa,NG,2022-03-23 22:04:48,7.5333,3.4167,81.25,75,100,6.53
536,Timaru,NZ,2022-03-23 22:00:41,-44.4,171.25,67.06,95,52,3.0
537,Surovikino,RU,2022-03-23 22:04:49,48.6078,42.8486,34.32,56,0,4.9
538,Rancho Palos Verdes,US,2022-03-23 22:04:49,33.7445,-118.387,87.94,55,0,10.36
539,Cicevac,RS,2022-03-23 22:04:50,43.7188,21.4408,44.96,61,0,0.67
540,Adrar,MR,2022-03-23 22:04:50,20.5022,-10.0711,78.33,12,0,10.69
541,Sakakah,SA,2022-03-23 22:04:51,29.9697,40.2064,52.54,38,0,9.89
542,Bandundu,CD,2022-03-23 22:04:51,-3.3167,17.3667,73.87,77,21,3.13
543,Lorengau,PG,2022-03-23 22:04:52,-2.0226,147.2712,83.01,75,100,6.35
544,Dvinskoy,RU,2022-03-23 22:04:53,62.1535,45.1175,32.31,96,100,5.7
545,Charters Towers,AU,2022-03-23 22:04:53,-20.1,146.2667,73.24,72,1,7.52
546,Bulungu,CD,2022-03-23 22:04:54,-4.55,18.6,72.43,83,36,1.23
547,Oneonta,US,2022-03-23 22:04:54,42.4529,-75.0638,44.65,52,100,6.33
548,Iralaya,HN,2022-03-23 22:04:55,15.0,-83.2333,81.48,66,55,11.81
549,Calabozo,VE,2022-03-23 22:05:55,8.9242,-67.4293,95.65,22,10,7.81
550,Sarangarh,IN,2022-03-23 22:05:56,21.6,83.0833,74.55,16,78,4.43
551,Dukat,RU,2022-03-23 22:05:56,62.55,155.55,9.41,93,100,4.03
552,Rio Grande,BR,2022-03-23 22:05:56,-32.035,-52.0986,73.94,75,100,18.34
553,San Jeronimo,PE,2022-03-23 22:05:57,-11.9472,-75.2829,61.92,60,96,2.73
554,Tateyama,JP,2022-03-23 22:05:57,34.9833,139.8667,44.1,85,80,14.03
555,Camacha,PT,2022-03-23 22:05:57,33.0833,-16.3333,56.62,67,40,20.71
556,North Bend,US,2022-03-23 22:05:58,43.4065,-124.2243,64.24,79,100,12.66
557,Meiganga,CM,2022-03-23 22:05:58,6.5167,14.3,74.05,21,92,2.77
558,Ust-Nera,RU,2022-03-23 22:05:59,64.5667,143.2,3.69,98,98,3.76
559,San Alberto,CO,2022-03-23 22:05:59,7.7611,-73.3922,91.31,54,24,3.96
560,Shache,CN,2022-03-23 22:05:59,38.4167,77.2406,49.71,32,98,10.38
