City_ID,City,Lat,Lng,Max Temp,Humidity,Cloudiness,Wind Speed,Country,Date,Description
0,Buala,-8.145,159.5921,77.41,87,100,3.04,SB,2022-04-01 21:12:03,overcast clouds
1,Nikolskoye,59.7035,30.7861,28.71,95,75,2.86,RU,2022-04-01 21:12:04,broken clouds
2,Cape Town,-33.9258,18.4232,65.12,71,0,5.99,ZA,2022-04-01 21:10:40,clear sky
3,Bredasdorp,-34.5322,20.0403,63.84,73,93,12.3,ZA,2022-04-01 21:12:42,light rain
4,Atuona,-9.8,-139.0333,78.64,78,24,7.61,PF,2022-04-01 21:12:01,few clouds
5,Punta Arenas,-53.15,-70.9167,44.71,70,0,16.11,CL,2022-04-01 21:11:40,clear sky
6,Busselton,-33.65,115.3333,69.75,82,100,7.43,AU,2022-04-01 21:12:42,overcast clouds
7,Mataura,-46.1927,168.8643,48.0,82,21,2.59,NZ,2022-04-01 21:12:43,few clouds
8,Qaqortoq,60.7167,-46.0333,38.28,75,72,1.74,GL,2022-04-01 21:12:06,broken clouds
9,Hermanus,-34.4187,19.2345,62.8,78,25,13.8,ZA,2022-04-01 21:12:07,light rain
10,Thompson,55.7435,-97.8558,28.11,94,100,11.68,CA,2022-04-01 21:12:07,light snow
11,Itoman,26.1247,127.6694,64.42,80,100,14.97,JP,2022-04-01 21:12:08,overcast clouds
12,Frontignan,43.4485,3.754,42.75,59,6,29.82,FR,2022-04-01 21:12:09,clear sky
13,Dalianwan,39.0286,121.695,41.04,42,0,2.24,CN,2022-04-01 21:12:44,clear sky
14,Avarua,-21.2078,-159.775,84.25,74,83,10.36,CK,2022-04-01 21:12:09,broken clouds
15,Revda,56.801,59.9303,22.64,98,100,2.19,RU,2022-04-01 21:12:10,overcast clouds
16,Rudbar,30.15,62.6,72.68,9,0,5.95,AF,2022-04-01 21:12:10,clear sky
17,Port Elizabeth,-33.918,25.5701,64.31,85,43,5.99,ZA,2022-04-01 21:12:11,scattered clouds
18,Vostok,46.4856,135.8833,9.57,92,9,5.64,RU,2022-04-01 21:12:11,clear sky
19,Kyra,49.5776,111.9753,22.59,86,75,3.62,RU,2022-04-01 21:12:12,broken clouds
20,Micomeseng,2.1462,10.6164,70.75,98,100,2.84,GQ,2022-04-01 21:12:12,overcast clouds
21,Airai,-8.9266,125.4092,56.77,77,63,1.77,TL,2022-04-01 21:12:13,broken clouds
22,Olinda,-8.0089,-34.8553,83.93,70,75,8.05,BR,2022-04-01 21:12:13,broken clouds
23,Albany,42.6001,-73.9662,45.36,66,91,7.0,US,2022-04-01 21:10:46,overcast clouds
24,Librazhd,41.1794,20.315,51.12,95,100,9.91,AL,2022-04-01 21:12:14,overcast clouds
25,Illela,13.7292,5.2975,84.45,8,7,2.91,NG,2022-04-01 21:12:14,clear sky
26,New Norfolk,-42.7826,147.0587,54.9,73,100,1.99,AU,2022-04-01 21:12:15,overcast clouds
27,Hobart,-42.8794,147.3294,55.26,91,75,10.36,AU,2022-04-01 21:12:15,broken clouds
28,Manaure,11.7751,-72.4445,88.05,51,97,16.6,CO,2022-04-01 21:12:16,overcast clouds
29,Cordoba,-31.4135,-64.1811,70.75,29,0,16.11,AR,2022-04-01 21:10:27,clear sky
30,Bethel,41.3712,-73.414,51.03,73,75,13.8,US,2022-04-01 21:12:16,light rain
31,Kirkuk,35.4681,44.3922,65.19,31,0,7.09,IQ,2022-04-01 21:12:17,clear sky
32,Arlit,18.7369,7.3853,87.93,3,100,8.3,NE,2022-04-01 21:12:17,overcast clouds
33,Ushuaia,-54.8,-68.3,44.26,70,20,19.57,AR,2022-04-01 21:11:30,few clouds
34,Lebu,-37.6167,-73.65,58.48,82,0,16.22,CL,2022-04-01 21:12:18,clear sky
35,Rikitea,-23.1203,-134.9692,75.6,54,45,14.03,PF,2022-04-01 21:12:18,scattered clouds
36,Miraflores,19.2167,-98.8083,84.02,14,74,8.46,MX,2022-04-01 21:12:19,broken clouds
37,Asau,46.4333,26.4,52.95,80,100,5.12,RO,2022-04-01 21:12:19,overcast clouds
38,Fernandina Beach,30.6697,-81.4626,85.01,57,0,10.36,US,2022-04-01 21:12:20,clear sky
39,Natal,-5.795,-35.2094,81.25,78,20,6.91,BR,2022-04-01 21:12:20,few clouds
40,Hilo,19.7297,-155.09,79.25,86,100,4.61,US,2022-04-01 21:08:02,moderate rain
41,Kuytun,54.3419,101.5036,19.56,89,43,3.0,RU,2022-04-01 21:12:22,scattered clouds
42,Thunder Bay,48.4001,-89.3168,35.29,72,84,5.99,CA,2022-04-01 21:10:04,broken clouds
43,Yulara,-25.2406,130.9889,60.21,42,100,7.4,AU,2022-04-01 21:13:49,overcast clouds
44,Arraial Do Cabo,-22.9661,-42.0278,76.86,88,75,10.36,BR,2022-04-01 21:13:50,broken clouds
45,Rayong,12.8333,101.4333,81.79,99,95,12.19,TH,2022-04-01 21:13:50,overcast clouds
46,Ribeira Grande,38.5167,-28.7,59.92,72,100,21.56,PT,2022-04-01 21:13:50,overcast clouds
47,Coria,39.9879,-6.5377,42.89,55,0,3.74,ES,2022-04-01 21:13:51,clear sky
48,Kaitangata,-46.2817,169.8464,49.06,76,36,6.89,NZ,2022-04-01 21:13:51,scattered clouds
49,Ossora,59.2353,163.0719,18.05,93,100,4.59,RU,2022-04-01 21:13:53,light snow
50,Cayenne,4.9333,-52.3333,77.09,1,75,1.01,GF,2022-04-01 21:13:54,moderate rain
51,Yellowknife,62.456,-114.3525,-0.58,64,100,8.99,CA,2022-04-01 21:13:54,overcast clouds
52,Sayyan,15.1718,44.3244,57.56,21,0,5.68,YE,2022-04-01 21:13:55,clear sky
53,Khatanga,71.9667,102.5,-1.12,98,98,3.71,RU,2022-04-01 21:13:55,overcast clouds
54,Washington,47.5001,-120.5015,57.9,34,30,5.5,US,2022-04-01 21:08:58,scattered clouds
55,Lasa,46.6166,10.7002,40.03,96,100,5.32,IT,2022-04-01 21:13:56,light rain
56,Saskylakh,71.9167,114.0833,0.57,98,97,6.06,RU,2022-04-01 21:13:56,overcast clouds
57,Ostrovnoy,68.0531,39.5131,10.53,95,87,10.22,RU,2022-04-01 21:13:57,overcast clouds
58,Tuktoyaktuk,69.4541,-133.0374,-14.89,91,83,2.95,CA,2022-04-01 21:13:57,broken clouds
59,Kieta,-6.2167,155.6333,76.12,93,100,2.39,PG,2022-04-01 21:13:58,moderate rain
60,San Cristobal,7.7669,-72.225,78.98,38,76,6.35,VE,2022-04-01 21:12:17,broken clouds
61,Chuy,-33.6971,-53.4616,59.95,66,55,8.41,UY,2022-04-01 21:13:58,broken clouds
62,Port Alfred,-33.5906,26.891,61.18,97,98,7.4,ZA,2022-04-01 21:13:59,overcast clouds
63,Karratha,-20.7377,116.8463,82.58,76,1,6.2,AU,2022-04-01 21:13:59,clear sky
64,Nanortalik,60.1432,-45.2371,36.84,86,98,1.79,GL,2022-04-01 21:14:00,overcast clouds
65,Plattling,48.7833,12.8667,36.79,73,100,6.22,DE,2022-04-01 21:14:00,overcast clouds
66,Nuuk,64.1835,-51.7216,36.21,64,75,8.05,GL,2022-04-01 21:14:00,broken clouds
67,Tyubuk,56.0552,60.9405,24.57,97,100,4.25,RU,2022-04-01 21:14:01,light snow
68,Half Moon Bay,37.4636,-122.4286,77.41,65,20,16.11,US,2022-04-01 21:14:01,few clouds
69,Yumen,40.2833,97.2,38.61,21,0,5.68,CN,2022-04-01 21:14:02,clear sky
70,Cherskiy,68.75,161.3,-20.88,100,100,3.47,RU,2022-04-01 21:14:02,overcast clouds
71,Kavieng,-2.5744,150.7967,80.2,80,100,10.13,PG,2022-04-01 21:14:03,moderate rain
72,Vaini,-21.2,-175.2,82.56,83,75,3.44,TO,2022-04-01 21:14:03,broken clouds
73,Neiafu,-18.65,-173.9833,84.88,74,75,11.5,TO,2022-04-01 21:14:04,broken clouds
74,Mount Isa,-20.7333,139.5,71.37,24,21,10.36,AU,2022-04-01 21:14:04,few clouds
75,Tasiilaq,65.6145,-37.6368,32.16,92,100,3.74,GL,2022-04-01 21:14:04,overcast clouds
76,Krasnoselkup,65.7,82.4667,2.98,98,95,8.3,RU,2022-04-01 21:14:05,overcast clouds
77,Geraldton,-28.7667,114.6,73.81,78,75,11.5,AU,2022-04-01 21:14:06,broken clouds
78,Caravelas,-17.7125,-39.2481,78.33,77,0,6.4,BR,2022-04-01 21:14:07,clear sky
79,Lichinga,-13.3128,35.2406,60.91,99,88,4.5,MZ,2022-04-01 21:14:08,moderate rain
80,Port Macquarie,-31.4333,152.9167,61.9,70,73,10.31,AU,2022-04-01 21:14:09,broken clouds
81,Nova Olimpia,-14.7972,-57.2881,60.76,94,100,3.87,BR,2022-04-01 21:10:00,overcast clouds
82,Kapaa,22.0752,-159.319,80.58,72,40,16.11,US,2022-04-01 21:14:09,scattered clouds
83,Tezu,27.9167,96.1667,67.78,86,100,2.84,IN,2022-04-01 21:13:03,overcast clouds
84,Cidreira,-30.1811,-50.2056,64.33,63,9,6.6,BR,2022-04-01 21:14:10,clear sky
85,Barrow,71.2906,-156.7887,-5.78,71,0,17.27,US,2022-04-01 21:14:11,clear sky
86,Lorengau,-2.0226,147.2712,79.25,87,100,9.98,PG,2022-04-01 21:14:12,very heavy rain
87,Mainaguri,26.5667,88.8167,75.47,76,80,9.33,IN,2022-04-01 21:14:13,broken clouds
88,Salaga,8.5508,-0.5188,82.71,59,100,10.98,GH,2022-04-01 21:14:13,overcast clouds
89,Guaymas,27.9333,-110.9,82.89,39,40,16.11,MX,2022-04-01 21:13:58,scattered clouds
90,Hofn,64.2539,-15.2082,37.63,83,100,2.82,IS,2022-04-01 21:15:13,overcast clouds
91,Portland,45.5234,-122.6762,62.11,50,40,5.75,US,2022-04-01 21:11:42,scattered clouds
92,Roald,62.5833,6.1333,36.75,93,25,4.61,NO,2022-04-01 21:15:14,scattered clouds
93,Yerbogachen,61.2767,108.0108,14.52,90,85,11.72,RU,2022-04-01 21:15:15,overcast clouds
94,Pudozh,61.8099,36.5345,4.12,98,57,3.18,RU,2022-04-01 21:15:15,broken clouds
95,Hasaki,35.7333,140.8333,37.29,55,54,15.55,JP,2022-04-01 21:15:15,broken clouds
96,Sept-Iles,50.2001,-66.3821,33.06,96,100,12.66,CA,2022-04-01 21:15:16,mist
97,Langxiang,46.95,128.8833,20.03,86,80,3.09,CN,2022-04-01 21:15:16,broken clouds
98,Ponta Do Sol,32.6667,-17.1,65.01,85,100,1.1,PT,2022-04-01 21:15:17,overcast clouds
99,Carutapera,-1.195,-46.02,73.81,97,100,2.84,BR,2022-04-01 21:15:17,overcast clouds
100,Tacuarembo,-31.7333,-55.9833,63.7,51,11,6.8,UY,2022-04-01 21:15:18,few clouds
101,Friedeburg,53.45,7.8333,37.92,59,100,12.75,DE,2022-04-01 21:15:18,overcast clouds
102,Victoria,22.2855,114.1577,61.32,80,100,10.0,HK,2022-04-01 21:11:07,overcast clouds
103,Iracoubo,5.4802,-53.2011,77.05,90,100,10.47,GF,2022-04-01 21:15:19,overcast clouds
104,Hithadhoo,-0.6,73.0833,82.58,73,6,7.67,MV,2022-04-01 21:15:19,clear sky
105,Qaanaaq,77.484,-69.3632,16.72,95,100,4.54,GL,2022-04-01 21:15:20,overcast clouds
106,Talnakh,69.4865,88.3972,11.21,95,100,7.4,RU,2022-04-01 21:15:21,light snow
107,Mahebourg,-20.4081,57.7,76.24,94,75,17.27,MU,2022-04-01 21:10:39,broken clouds
108,Dwarka,22.2394,68.9678,78.57,71,0,9.51,IN,2022-04-01 21:15:21,clear sky
109,Guerrero Negro,27.9769,-114.0611,66.06,54,3,16.02,MX,2022-04-01 21:15:22,clear sky
110,Haines Junction,60.7522,-137.5108,28.35,59,100,4.61,CA,2022-04-01 21:15:22,overcast clouds
111,Aklavik,68.2191,-135.0107,-9.4,59,0,0.0,CA,2022-04-01 21:15:23,clear sky
112,Sangmelima,2.9333,11.9833,69.66,99,100,1.9,CM,2022-04-01 21:15:23,heavy intensity rain
113,Soyo,-6.1349,12.3689,79.21,90,100,7.83,AO,2022-04-01 21:15:24,overcast clouds
114,Pritzwalk,53.1494,12.1741,37.58,64,100,15.1,DE,2022-04-01 21:15:24,overcast clouds
115,Emporia,38.4039,-96.1817,62.8,34,0,13.8,US,2022-04-01 21:15:25,clear sky
116,Russell,32.3502,-85.1999,72.55,30,0,5.75,US,2022-04-01 21:15:24,clear sky
117,Bocas Del Toro,9.3333,-82.25,81.66,74,21,7.94,PA,2022-04-01 21:15:26,few clouds
118,Bandarbeyla,9.4942,50.8122,79.48,77,5,9.13,SO,2022-04-01 21:15:26,clear sky
119,Castro,-24.7911,-50.0119,55.53,98,100,6.13,BR,2022-04-01 21:15:27,overcast clouds
120,Ahipara,-35.1667,173.1667,68.43,75,16,4.47,NZ,2022-04-01 21:15:27,few clouds
121,Hambantota,6.1241,81.1185,79.34,81,31,6.38,LK,2022-04-01 21:15:28,scattered clouds
122,Adelanto,34.5828,-117.4092,78.58,24,2,5.32,US,2022-04-01 21:15:28,clear sky
123,Jamestown,42.097,-79.2353,34.02,65,100,20.71,US,2022-04-01 21:15:27,overcast clouds
124,Carlsbad,33.1581,-117.3506,75.7,72,100,12.66,US,2022-04-01 21:10:33,overcast clouds
125,Lavrentiya,65.5833,-171.0,16.2,77,100,11.83,RU,2022-04-01 21:15:29,overcast clouds
126,Kruisfontein,-34.0033,24.7314,61.88,84,1,5.19,ZA,2022-04-01 21:15:30,clear sky
127,Husavik,66.0449,-17.3389,35.74,85,95,6.96,IS,2022-04-01 21:15:30,overcast clouds
128,Whitianga,-36.8333,175.7,67.51,85,82,6.31,NZ,2022-04-01 21:11:15,broken clouds
129,Bluff,-46.6,168.3333,56.35,73,73,16.28,NZ,2022-04-01 21:15:31,broken clouds
130,Sitka,57.0531,-135.33,39.09,81,100,9.22,US,2022-04-01 21:15:32,moderate rain
131,Manavalakurichi,8.1333,77.3,80.04,82,27,4.81,IN,2022-04-01 21:15:32,scattered clouds
132,Vardo,70.3705,31.1107,28.71,65,100,20.09,NO,2022-04-01 21:15:33,overcast clouds
133,Kitimat,54.0524,-128.6534,43.18,32,100,1.01,CA,2022-04-01 21:15:33,light rain
134,Bambous Virieux,-20.3428,57.7575,76.21,94,75,17.27,MU,2022-04-01 21:15:34,moderate rain
135,Belmonte,-15.8631,-38.8828,79.47,76,1,7.96,BR,2022-04-01 21:15:34,clear sky
136,Srandakan,-7.9386,110.2506,74.64,82,100,3.6,ID,2022-04-01 21:11:53,overcast clouds
137,Palmer,42.1584,-72.3287,49.62,66,100,20.71,US,2022-04-01 21:16:35,overcast clouds
138,Butaritari,3.0707,172.7902,82.31,76,100,20.76,KI,2022-04-01 21:16:36,overcast clouds
139,Camapua,-19.5314,-54.0439,69.96,88,100,6.02,BR,2022-04-01 21:16:36,overcast clouds
140,Bonthe,7.5264,-12.505,79.47,86,100,7.4,SL,2022-04-01 21:16:37,overcast clouds
141,Yar-Sale,66.8333,70.8333,6.94,91,58,11.07,RU,2022-04-01 21:16:37,broken clouds
142,Saint George,37.1041,-113.5841,76.42,19,0,5.99,US,2022-04-01 21:16:37,clear sky
143,San Patricio,28.017,-97.5169,84.29,45,100,16.73,US,2022-04-01 21:16:38,overcast clouds
144,Chapais,49.7834,-74.8492,20.98,87,100,12.44,CA,2022-04-01 21:16:38,overcast clouds
145,Kodiak,57.79,-152.4072,40.51,87,75,19.57,US,2022-04-01 21:16:39,light rain
146,Jackson,42.4165,-122.8345,65.37,44,0,3.44,US,2022-04-01 21:15:08,clear sky
147,Onega,63.9061,38.1404,7.41,98,81,3.33,RU,2022-04-01 21:16:40,broken clouds
148,Altay,47.8667,88.1167,35.69,39,100,10.22,CN,2022-04-01 21:16:40,overcast clouds
149,Singkang,2.1006,102.7994,75.09,94,95,1.25,MY,2022-04-01 21:16:41,overcast clouds
150,Kudahuvadhoo,2.6708,72.8944,82.87,70,20,6.31,MV,2022-04-01 21:16:41,few clouds
151,Tieling,42.2931,123.8414,33.44,54,5,6.87,CN,2022-04-01 21:16:42,clear sky
152,Alberton,46.8168,-64.0654,35.73,98,100,7.58,CA,2022-04-01 21:16:42,light snow
153,Bastrop,32.7562,-91.8724,64.08,43,99,1.99,US,2022-04-01 21:16:43,overcast clouds
154,Kahului,20.8947,-156.47,84.22,48,40,21.85,US,2022-04-01 21:12:41,scattered clouds
155,Acapulco,16.8634,-99.8901,84.02,61,40,8.05,MX,2022-04-01 21:16:43,scattered clouds
156,Dikson,73.5069,80.5464,-5.53,96,62,7.81,RU,2022-04-01 21:16:44,broken clouds
157,Nakatunguru,-2.1167,33.0667,73.15,74,99,15.48,TZ,2022-04-01 21:16:44,overcast clouds
158,Pevek,69.7008,170.3133,-10.91,96,100,5.48,RU,2022-04-01 21:16:45,overcast clouds
159,Nagato,34.3833,131.2,38.19,64,100,8.63,JP,2022-04-01 21:16:45,overcast clouds
160,Bathsheba,13.2167,-59.5167,83.01,61,20,19.57,BB,2022-04-01 21:16:46,few clouds
161,Suwalki,54.1118,22.9309,32.47,58,100,15.88,PL,2022-04-01 21:16:47,overcast clouds
162,Huarmey,-10.0681,-78.1522,74.05,74,84,10.6,PE,2022-04-01 21:16:47,broken clouds
163,Porto Belo,-27.1578,-48.5531,64.35,80,100,10.71,BR,2022-04-01 21:16:48,overcast clouds
164,Rio Grande,-32.035,-52.0986,62.94,63,2,9.08,BR,2022-04-01 21:16:48,clear sky
165,Tarata,-17.6167,-66.0167,74.62,56,67,7.05,BO,2022-04-01 21:16:48,broken clouds
166,Garden City,42.3256,-83.331,38.89,59,100,3.0,US,2022-04-01 21:16:49,overcast clouds
167,Ust-Maya,60.4167,134.5333,-8.37,100,89,2.84,RU,2022-04-01 21:16:49,overcast clouds
168,Muros,42.7762,-9.0603,44.83,67,1,11.99,ES,2022-04-01 21:16:50,clear sky
169,Brae,60.3964,-1.353,37.99,70,29,8.99,GB,2022-04-01 21:16:50,scattered clouds
170,Truth Or Consequences,33.1284,-107.2528,76.91,15,0,6.91,US,2022-04-01 21:16:51,clear sky
171,Finschhafen,-6.6024,147.8681,79.54,79,100,7.63,PG,2022-04-01 21:16:51,moderate rain
172,Provideniya,64.3833,-173.3,25.92,89,100,10.36,RU,2022-04-01 21:16:52,overcast clouds
173,Vila Velha,-20.3297,-40.2925,80.94,85,40,4.61,BR,2022-04-01 21:14:29,scattered clouds
174,Mount Gambier,-37.8333,140.7667,51.24,86,32,6.78,AU,2022-04-01 21:16:53,scattered clouds
175,Atambua,-9.1061,124.8925,70.75,87,8,3.56,ID,2022-04-01 21:16:53,clear sky
176,Magadan,59.5667,150.8,7.68,78,100,6.44,RU,2022-04-01 21:16:54,overcast clouds
177,Salinopolis,-0.6136,-47.3561,75.69,92,100,7.65,BR,2022-04-01 21:16:54,overcast clouds
178,Luxor,25.6989,32.6421,81.77,12,44,5.01,EG,2022-04-01 21:16:55,scattered clouds
179,Sape,-7.0964,-35.2328,79.97,73,89,11.3,BR,2022-04-01 21:16:55,overcast clouds
180,San Luis,-33.295,-66.3356,71.78,20,0,6.11,AR,2022-04-01 21:16:56,clear sky
181,College,64.8569,-147.8028,23.47,32,20,17.27,US,2022-04-01 21:16:56,few clouds
182,Labuhan,-6.8844,112.2051,77.32,83,100,3.71,ID,2022-04-01 21:16:57,overcast clouds
183,Katsuura,35.1333,140.3,44.47,65,65,9.44,JP,2022-04-01 21:17:58,broken clouds
184,Torbay,47.6666,-52.7314,37.27,88,100,16.11,CA,2022-04-01 21:15:23,overcast clouds
185,Constitucion,-35.3333,-72.4167,65.21,63,11,16.26,CL,2022-04-01 21:17:58,few clouds
186,Comodoro Rivadavia,-45.8667,-67.5,75.06,19,0,10.36,AR,2022-04-01 21:17:59,clear sky
187,Port-Cartier,50.0334,-66.8654,32.76,98,100,13.18,CA,2022-04-01 21:17:59,light snow
188,Benguela,-12.5763,13.4055,76.64,85,99,3.83,AO,2022-04-01 21:18:00,light rain
189,Usinsk,65.9939,57.5281,12.61,92,99,11.48,RU,2022-04-01 21:18:00,overcast clouds
190,Alcaudete,37.5909,-4.0824,48.45,73,37,4.68,ES,2022-04-01 21:18:01,scattered clouds
191,Saint-Philippe,-21.3585,55.7679,74.79,93,100,22.1,RE,2022-04-01 21:18:02,heavy intensity rain
192,Prado,-17.3411,-39.2208,78.85,78,0,7.45,BR,2022-04-01 21:18:02,clear sky
193,Mar Del Plata,-38.0023,-57.5575,66.22,77,0,18.99,AR,2022-04-01 21:18:03,clear sky
194,Varna,43.2167,27.9167,60.94,77,100,4.61,BG,2022-04-01 21:18:03,overcast clouds
195,Dayong,25.0209,118.2898,54.88,72,100,3.29,CN,2022-04-01 21:18:04,overcast clouds
196,Dunedin,-45.8742,170.5036,56.8,67,11,7.0,NZ,2022-04-01 21:18:05,few clouds
197,Doha,25.2867,51.5333,82.38,18,0,6.91,QA,2022-04-01 21:18:05,clear sky
198,Strezhevoy,60.7333,77.5889,13.73,96,100,2.68,RU,2022-04-01 21:18:06,overcast clouds
199,Bambanglipuro,-7.95,110.2833,74.61,82,100,3.33,ID,2022-04-01 21:18:06,overcast clouds
200,Puerto Ayora,-0.7393,-90.3518,84.16,91,33,7.0,EC,2022-04-01 21:18:07,scattered clouds
201,Georgetown,5.4112,100.3354,78.73,93,20,3.44,MY,2022-04-01 21:18:07,few clouds
202,Narsaq,60.9167,-46.05,50.22,66,88,6.33,GL,2022-04-01 21:18:07,overcast clouds
203,Turayf,31.6725,38.6637,66.45,20,0,11.5,SA,2022-04-01 21:18:08,clear sky
204,Poum,-20.2333,164.0167,81.19,81,97,8.14,NC,2022-04-01 21:18:09,overcast clouds
205,Manokwari,-0.8667,134.0833,78.87,80,100,5.39,ID,2022-04-01 21:18:09,overcast clouds
206,Manta,-0.95,-80.7333,80.38,83,40,6.91,EC,2022-04-01 21:18:10,scattered clouds
207,Kawambwa,-9.7915,29.0791,62.19,95,93,4.03,ZM,2022-04-01 21:18:10,light rain
208,Ixtapa,20.7,-105.2,74.43,64,40,11.5,MX,2022-04-01 21:18:11,scattered clouds
209,Phan Thiet,10.9333,108.1,76.46,85,100,6.31,VN,2022-04-01 21:18:11,overcast clouds
210,Coolum Beach,-26.5333,153.1,71.11,91,63,4.52,AU,2022-04-01 21:18:12,broken clouds
211,Faanui,-16.4833,-151.75,81.05,74,100,2.89,PF,2022-04-01 21:18:13,light rain
212,Severo-Kurilsk,50.6789,156.125,27.23,65,98,25.34,RU,2022-04-01 21:18:13,overcast clouds
213,Ust-Tsilma,65.441,52.1498,9.52,99,91,4.61,RU,2022-04-01 21:18:14,overcast clouds
214,Cockburn Town,21.4612,-71.1419,77.68,79,0,18.23,TC,2022-04-01 21:18:14,clear sky
215,Mamontovo,52.7055,81.6244,29.16,87,63,8.14,RU,2022-04-01 21:18:15,broken clouds
216,Camabatela,-8.1881,15.375,61.05,94,75,2.59,AO,2022-04-01 21:18:15,broken clouds
217,Port Hardy,50.6996,-127.4199,48.38,71,100,9.22,CA,2022-04-01 21:18:16,overcast clouds
218,Senneterre,48.3835,-77.2328,26.55,84,100,11.79,CA,2022-04-01 21:18:16,light snow
219,Tura,25.5198,90.2201,69.24,90,29,4.14,IN,2022-04-01 21:18:17,scattered clouds
220,Kirakira,-10.4544,161.9205,77.79,88,100,9.75,SB,2022-04-01 21:18:18,moderate rain
221,Poyarkovo,49.6,128.6833,16.03,90,75,4.5,RU,2022-04-01 21:18:18,broken clouds
222,Saint Anthony,45.0205,-93.218,46.92,49,0,11.5,US,2022-04-01 21:18:18,clear sky
223,Lahaina,20.8783,-156.6825,84.2,77,42,10.0,US,2022-04-01 21:18:19,scattered clouds
224,Naze,28.3667,129.4833,61.72,66,100,15.82,JP,2022-04-01 21:18:20,overcast clouds
225,Meulaboh,4.1363,96.1285,78.75,81,100,0.83,ID,2022-04-01 21:18:20,heavy intensity rain
226,Nabire,-3.3667,135.4833,74.93,79,100,4.09,ID,2022-04-01 21:18:21,overcast clouds
227,Coari,-4.085,-63.1414,81.03,92,73,2.26,BR,2022-04-01 21:18:22,heavy intensity rain
228,Klaksvik,62.2266,-6.589,36.52,80,100,21.03,FO,2022-04-01 21:18:22,overcast clouds
229,Burnie,-41.0667,145.9167,54.91,77,97,5.28,AU,2022-04-01 21:18:23,overcast clouds
230,Ambon,-3.6954,128.1814,80.74,78,40,4.61,ID,2022-04-01 21:19:23,scattered clouds
231,Norman Wells,65.282,-126.8329,-7.56,54,20,4.61,CA,2022-04-01 21:19:24,few clouds
232,Petropavlovsk-Kamchatskiy,53.0452,158.6483,23.59,58,20,8.95,RU,2022-04-01 21:19:24,few clouds
233,Honningsvag,70.9821,25.9704,29.95,64,100,16.11,NO,2022-04-01 21:19:25,overcast clouds
234,Kasongo,-4.45,26.6667,71.06,93,94,2.91,CD,2022-04-01 21:19:25,overcast clouds
235,Jaunjelgava,56.6167,25.0833,28.58,64,100,8.95,LV,2022-04-01 21:19:26,overcast clouds
236,Samarai,-10.6167,150.6667,79.9,79,100,10.42,PG,2022-04-01 21:19:27,moderate rain
237,Treuchtlingen,48.95,10.9167,33.39,99,100,10.6,DE,2022-04-01 21:16:57,snow
238,Kodinsk,58.6881,99.1844,19.38,97,100,2.57,RU,2022-04-01 21:19:27,overcast clouds
239,Ginda,30.6945,78.4932,57.72,22,0,7.07,IN,2022-04-01 21:19:28,clear sky
240,Tuatapere,-46.1333,167.6833,50.29,79,19,3.04,NZ,2022-04-01 21:19:28,few clouds
241,Komsomolskiy,40.4272,71.7189,57.92,44,44,9.22,UZ,2022-04-01 21:19:29,scattered clouds
242,Lander,42.833,-108.7307,53.11,39,0,4.61,US,2022-04-01 21:19:30,clear sky
243,Roma,43.2128,-75.4557,38.95,84,100,20.71,US,2022-04-01 21:18:03,light rain
244,Faya,18.3851,42.4509,64.51,18,45,6.82,SA,2022-04-01 21:19:30,scattered clouds
245,Kulhudhuffushi,6.6221,73.07,82.58,71,10,6.71,MV,2022-04-01 21:19:31,clear sky
246,Sao Filipe,14.8961,-24.4956,71.78,80,18,9.44,CV,2022-04-01 21:19:31,few clouds
247,Upernavik,72.7868,-56.1549,11.48,94,100,8.68,GL,2022-04-01 21:19:32,overcast clouds
248,Clarence Town,-32.5833,151.7833,62.85,73,100,9.48,AU,2022-04-01 21:19:32,overcast clouds
249,Longyearbyen,78.2186,15.6401,-2.36,71,20,12.66,SJ,2022-04-01 21:15:35,few clouds
250,Chazuta,-6.5742,-76.1367,81.45,98,94,2.62,PE,2022-04-01 21:19:33,overcast clouds
251,Quimper,48.0,-4.1,41.56,70,0,9.22,FR,2022-04-01 21:19:33,clear sky
252,Sao Borja,-28.6606,-56.0044,66.94,64,0,6.89,BR,2022-04-01 21:19:34,clear sky
253,Uruzgan,32.8333,66.0,59.14,20,0,3.31,AF,2022-04-01 21:19:35,clear sky
254,Wanning,18.8003,110.3967,66.33,94,100,19.22,CN,2022-04-01 21:19:35,overcast clouds
255,Owando,-0.4819,15.8999,71.94,97,100,2.8,CG,2022-04-01 21:19:36,overcast clouds
256,Sao Jose Da Coroa Grande,-8.8978,-35.1478,79.48,75,91,7.47,BR,2022-04-01 21:19:36,overcast clouds
257,Alice Springs,-23.7,133.8833,47.75,61,99,6.91,AU,2022-04-01 21:15:38,overcast clouds
258,San Quintin,30.4833,-115.95,64.22,58,0,11.83,MX,2022-04-01 21:19:37,clear sky
259,Tiksi,71.6872,128.8694,14.5,93,100,6.46,RU,2022-04-01 21:19:37,overcast clouds
260,Imbituba,-28.24,-48.6703,67.82,71,96,5.73,BR,2022-04-01 21:19:38,overcast clouds
261,Hamilton,39.1834,-84.5333,44.89,57,100,14.97,US,2022-04-01 21:17:44,overcast clouds
262,Quatre Cocos,-20.2078,57.7625,75.31,92,100,18.86,MU,2022-04-01 21:19:38,moderate rain
263,Oranjemund,-28.55,16.4333,59.2,89,0,13.94,NA,2022-04-01 21:19:39,clear sky
264,Oneonta,42.4529,-75.0638,41.81,84,100,16.67,US,2022-04-01 21:19:39,light rain
265,Leh,34.1667,77.5833,24.96,51,1,4.85,IN,2022-04-01 21:19:39,clear sky
266,Coihaique,-45.5752,-72.0662,62.55,45,40,4.61,CL,2022-04-01 21:16:29,scattered clouds
267,Vryburg,-26.9566,24.7284,68.56,62,29,8.25,ZA,2022-04-01 21:19:40,scattered clouds
268,Karia,11.7306,11.1629,82.22,9,7,9.75,NG,2022-04-01 21:19:40,clear sky
269,La Tuque,47.4334,-72.7824,35.85,69,100,10.36,CA,2022-04-01 21:17:23,overcast clouds
270,Port Augusta,-32.5,137.7667,54.45,54,0,5.06,AU,2022-04-01 21:19:41,clear sky
271,Colares,38.7992,-9.4469,53.76,58,0,24.0,PT,2022-04-01 21:19:42,clear sky
272,Christchurch,-43.5333,172.6333,58.95,85,20,3.44,NZ,2022-04-01 21:18:24,few clouds
273,Port Lincoln,-34.7333,135.8667,61.0,74,5,15.08,AU,2022-04-01 21:19:42,clear sky
274,Sergeyevka,53.88,67.4158,33.62,90,96,10.87,KZ,2022-04-01 21:19:43,overcast clouds
275,Plettenberg Bay,-34.0527,23.3716,60.3,79,25,4.5,ZA,2022-04-01 21:16:50,scattered clouds
276,Mao,39.8885,4.2658,43.36,81,20,20.71,ES,2022-04-01 21:19:43,light intensity shower rain
277,El Sauzal,31.9,-116.6833,65.41,75,0,9.17,MX,2022-04-01 21:20:44,clear sky
278,Saldanha,-33.0117,17.9442,60.85,80,0,26.06,ZA,2022-04-01 21:20:44,clear sky
279,Lagoa,39.05,-27.9833,59.09,80,100,21.39,PT,2022-04-01 21:20:45,overcast clouds
280,Shache,38.4167,77.2406,52.72,31,13,4.94,CN,2022-04-01 21:20:45,few clouds
281,Alanya,36.5438,31.9998,57.33,44,2,3.24,TR,2022-04-01 21:20:46,clear sky
282,Panacan,9.2463,118.4082,79.81,82,100,10.25,PH,2022-04-01 21:20:46,overcast clouds
283,Fairbanks,64.8378,-147.7164,23.49,32,0,17.27,US,2022-04-01 21:20:47,clear sky
284,Porto Walter,-8.2686,-72.7439,65.34,99,100,4.32,BR,2022-04-01 21:20:47,overcast clouds
285,Marovoay,-16.1,46.6333,73.53,86,65,3.0,MG,2022-04-01 21:20:48,broken clouds
286,Atbasar,51.8,68.3333,25.43,85,18,9.51,KZ,2022-04-01 21:20:48,few clouds
287,Valparaiso,-33.0393,-71.6273,61.03,74,100,11.5,CL,2022-04-01 21:20:49,mist
288,Paamiut,61.994,-49.6678,34.65,84,78,7.07,GL,2022-04-01 21:20:50,broken clouds
289,Gao,16.6362,1.637,87.48,4,96,6.44,ML,2022-04-01 21:20:50,overcast clouds
290,Lisala,2.15,21.5167,70.3,98,100,5.68,CD,2022-04-01 21:20:51,light rain
291,Ilulissat,69.2167,-51.1,28.42,74,0,5.75,GL,2022-04-01 21:20:51,clear sky
292,Tautira,-17.7333,-149.15,80.51,80,44,11.07,PF,2022-04-01 21:20:52,light rain
293,Touros,-5.1989,-35.4608,79.92,81,100,11.18,BR,2022-04-01 21:20:53,overcast clouds
294,Luderitz,-26.6481,15.1594,62.42,68,0,18.48,NA,2022-04-01 21:20:53,clear sky
295,Beyneu,45.3167,55.2,55.27,46,17,7.54,KZ,2022-04-01 21:20:54,few clouds
296,Souillac,-20.5167,57.5167,75.58,94,75,17.27,MU,2022-04-01 21:20:54,moderate rain
297,Bengkulu,-3.8004,102.2655,75.67,85,13,4.72,ID,2022-04-01 21:20:55,few clouds
298,Havre-Saint-Pierre,50.2334,-63.5986,32.36,100,100,19.57,CA,2022-04-01 21:20:55,overcast clouds
299,Pisco,-13.7,-76.2167,72.01,68,20,17.27,PE,2022-04-01 21:20:55,few clouds
300,Codrington,-38.2667,141.9667,55.53,80,100,7.61,AU,2022-04-01 21:20:56,light rain
301,Da Nang,16.0678,108.2208,67.98,94,100,10.36,VN,2022-04-01 21:20:57,overcast clouds
302,Saint-Denis,48.9167,2.3333,38.08,84,100,12.66,FR,2022-04-01 21:20:57,overcast clouds
303,Salalah,17.0151,54.0924,78.89,50,0,2.3,OM,2022-04-01 21:20:58,clear sky
304,Coquimbo,-29.9533,-71.3436,58.73,82,40,11.5,CL,2022-04-01 21:20:58,scattered clouds
305,Pacific Grove,36.6177,-121.9166,69.39,77,75,10.36,US,2022-04-01 21:20:59,broken clouds
306,Carnarvon,-24.8667,113.6333,73.47,100,40,8.05,AU,2022-04-01 21:20:59,scattered clouds
307,Kamaishi,39.2667,141.8833,33.91,57,1,5.57,JP,2022-04-01 21:20:59,clear sky
308,Bubaque,11.2833,-15.8333,74.95,74,2,19.44,GW,2022-04-01 21:21:00,clear sky
309,Kemijarvi,66.7131,27.4306,18.18,92,100,6.51,FI,2022-04-01 21:21:01,overcast clouds
310,Alta Floresta,-9.8756,-56.0861,76.28,95,50,4.03,BR,2022-04-01 21:21:01,scattered clouds
311,Cabo San Lucas,22.8909,-109.9124,84.61,34,0,11.5,MX,2022-04-01 21:16:13,clear sky
312,Warangal,18.0,79.5833,80.1,70,5,11.12,IN,2022-04-01 21:21:02,clear sky
313,Asyut,27.181,31.1837,77.63,7,34,5.46,EG,2022-04-01 21:21:03,scattered clouds
314,Beloha,-25.1667,45.05,71.87,80,0,6.08,MG,2022-04-01 21:21:03,clear sky
315,Saint-Pierre,-21.3393,55.4781,74.88,90,75,6.91,RE,2022-04-01 21:17:28,moderate rain
316,Presidencia Roque Saenz Pena,-26.7852,-60.4388,70.83,38,0,7.47,AR,2022-04-01 21:21:04,clear sky
317,Alofi,-19.0595,-169.9187,84.09,74,98,9.22,NU,2022-04-01 21:21:04,overcast clouds
318,Veraval,20.9,70.3667,77.04,78,6,6.87,IN,2022-04-01 21:21:05,clear sky
319,Loandjili,-4.7561,11.8578,76.37,86,99,2.1,CG,2022-04-01 21:21:05,overcast clouds
320,Helong,42.5397,128.9972,29.77,57,11,4.79,CN,2022-04-01 21:22:06,few clouds
321,Novyy Urengoy,66.0833,76.6333,8.92,95,89,8.81,RU,2022-04-01 21:22:07,overcast clouds
322,Recea,47.6333,23.5167,49.91,93,75,2.3,RO,2022-04-01 21:22:07,mist
323,Kautokeino,69.0125,23.0412,19.74,81,100,9.04,NO,2022-04-01 21:22:08,overcast clouds
324,Kot Addu,30.4692,70.9671,73.76,8,0,5.1,PK,2022-04-01 21:22:08,clear sky
325,Bloemhof,-27.6469,25.607,63.03,78,17,2.95,ZA,2022-04-01 21:22:09,light rain
326,Pasni,25.2631,63.471,80.15,41,0,8.52,PK,2022-04-01 21:22:10,clear sky
327,Turka,49.1541,23.0297,41.14,99,100,4.56,UA,2022-04-01 21:22:10,light snow
328,Sorland,67.667,12.6934,34.83,79,100,28.54,NO,2022-04-01 21:22:11,snow
329,Ucluelet,48.9329,-125.5528,47.08,91,100,1.99,CA,2022-04-01 21:22:12,overcast clouds
330,Nara,34.6851,135.8049,39.49,56,98,2.06,JP,2022-04-01 21:22:12,overcast clouds
331,Dingle,10.9995,122.6711,75.42,85,91,8.77,PH,2022-04-01 21:22:13,overcast clouds
332,Ancud,-41.8697,-73.8203,61.23,83,10,7.49,CL,2022-04-01 21:22:13,clear sky
333,Avera,33.194,-82.5271,74.71,30,17,11.88,US,2022-04-01 21:22:14,few clouds
334,Ponta Delgada,37.7333,-25.6667,61.52,82,75,9.22,PT,2022-04-01 21:22:15,broken clouds
335,Sao Joao Da Barra,-21.6403,-41.0511,78.89,83,42,8.03,BR,2022-04-01 21:22:15,light rain
336,Richards Bay,-28.783,32.0377,71.08,92,90,6.24,ZA,2022-04-01 21:22:16,light rain
337,Lompoc,34.6391,-120.4579,74.79,67,0,13.8,US,2022-04-01 21:22:16,clear sky
338,Inongo,-1.95,18.2667,74.1,92,98,6.44,CD,2022-04-01 21:22:17,light rain
339,Mtambile,-5.3833,39.7,81.01,77,89,6.6,TZ,2022-04-01 21:22:17,overcast clouds
340,Pundaguitan,6.3711,126.1689,80.24,78,31,4.76,PH,2022-04-01 21:22:18,scattered clouds
341,Warora,20.2333,79.0,87.87,24,9,3.47,IN,2022-04-01 21:22:18,clear sky
342,Port Hedland,-20.3167,118.5667,80.65,83,14,4.61,AU,2022-04-01 21:22:19,few clouds
343,Marystown,47.1666,-55.1483,35.85,100,100,1.99,CA,2022-04-01 21:22:20,overcast clouds
344,Carros,43.7894,7.184,43.3,45,75,12.66,FR,2022-04-01 21:22:20,light rain
345,Ewa Beach,21.3156,-158.0072,80.69,61,40,13.8,US,2022-04-01 21:19:29,scattered clouds
346,Iqaluit,63.7506,-68.5145,24.53,100,100,5.75,CA,2022-04-01 21:22:21,light snow
347,El Tigre,8.8875,-64.2454,93.74,28,43,13.33,VE,2022-04-01 21:22:21,scattered clouds
348,Lindsay,36.203,-119.0882,76.77,46,0,4.27,US,2022-04-01 21:18:37,clear sky
349,Maraial,-8.7825,-35.8089,74.08,92,95,4.41,BR,2022-04-01 21:22:22,overcast clouds
350,East London,-33.0153,27.9116,65.01,91,100,7.67,ZA,2022-04-01 21:20:17,light rain
351,Mattru,7.6244,-11.8332,80.33,78,100,4.18,SL,2022-04-01 21:22:23,light rain
352,Esperance,-33.8667,121.9,64.6,71,14,15.43,AU,2022-04-01 21:22:23,few clouds
353,Saint-Orens-De-Gameville,43.554,1.5341,38.68,85,0,19.57,FR,2022-04-01 21:22:24,clear sky
354,Ilinskiy,55.619,38.1182,34.3,75,40,11.18,RU,2022-04-01 21:22:25,scattered clouds
355,Morant Bay,17.8815,-76.4093,87.71,69,5,12.93,JM,2022-04-01 21:22:25,clear sky
356,Chegdomyn,51.1167,133.0167,15.69,98,99,2.1,RU,2022-04-01 21:22:26,overcast clouds
357,Guilin,25.2819,110.2864,53.71,88,100,6.69,CN,2022-04-01 21:22:27,overcast clouds
358,Vila Franca Do Campo,37.7167,-25.4333,61.21,90,100,19.04,PT,2022-04-01 21:22:28,overcast clouds
359,Hay River,60.8156,-115.7999,-4.02,59,75,9.22,CA,2022-04-01 21:22:28,broken clouds
360,Dukat,62.55,155.55,-2.96,95,100,5.55,RU,2022-04-01 21:22:29,overcast clouds
361,Jalu,29.0331,21.5482,72.5,22,100,15.73,LY,2022-04-01 21:22:29,overcast clouds
362,Bolobo,-2.1667,16.2333,71.22,92,97,2.86,CD,2022-04-01 21:22:30,light rain
363,Mahanoro,-19.9,48.8,70.83,89,7,6.87,MG,2022-04-01 21:22:30,clear sky
364,Saint-Francois,46.4154,3.9054,34.68,93,100,13.8,FR,2022-04-01 21:22:30,light snow
365,Rocha,-34.4833,-54.3333,58.95,67,38,8.39,UY,2022-04-01 21:21:27,scattered clouds
366,Astaneh-Ye Ashrafiyeh,37.2596,49.9444,53.53,79,30,1.16,IR,2022-04-01 21:23:31,scattered clouds
367,Zhicheng,30.2956,111.5047,51.71,71,91,3.38,CN,2022-04-01 21:23:31,overcast clouds
368,Mahibadhoo,3.7833,72.9667,82.96,69,8,3.69,MV,2022-04-01 21:21:17,clear sky
369,Havelock,34.8791,-76.9013,76.95,51,0,16.11,US,2022-04-01 21:18:35,clear sky
370,Rubtsovsk,51.5,81.25,28.94,86,100,7.81,RU,2022-04-01 21:23:32,overcast clouds
371,Farafangana,-22.8167,47.8333,72.27,82,3,1.97,MG,2022-04-01 21:23:32,clear sky
372,Chokurdakh,70.6333,147.9167,-23.89,100,29,3.09,RU,2022-04-01 21:23:33,scattered clouds
373,Sao Felix Do Xingu,-6.6447,-51.995,79.63,85,31,2.93,BR,2022-04-01 21:23:34,scattered clouds
374,Komoro,36.3167,138.4333,28.74,88,19,3.0,JP,2022-04-01 21:23:34,few clouds
375,Mitsamiouli,-11.3847,43.2844,81.03,75,1,3.58,KM,2022-04-01 21:23:35,clear sky
376,Nanganga,-10.3833,39.15,72.28,98,65,1.92,TZ,2022-04-01 21:23:35,broken clouds
377,Nampula,-15.1165,39.2666,71.55,94,0,0.0,MZ,2022-04-01 21:23:36,clear sky
378,Lahat,-3.8,103.5333,71.51,94,65,2.48,ID,2022-04-01 21:23:36,broken clouds
379,Borogontsy,62.6683,131.1683,11.93,94,99,9.26,RU,2022-04-01 21:23:37,overcast clouds
380,Pathein,16.7833,94.7333,75.85,91,93,8.19,MM,2022-04-01 21:23:38,overcast clouds
381,Lukovetskiy,64.2956,41.9211,7.03,100,84,1.88,RU,2022-04-01 21:23:38,broken clouds
382,Halifax,44.6453,-63.5724,49.89,98,100,24.16,CA,2022-04-01 21:22:00,overcast clouds
383,Grants,35.1473,-107.8514,61.03,21,0,13.8,US,2022-04-01 21:22:54,clear sky
384,Honiara,-9.4333,159.95,76.55,88,100,3.74,SB,2022-04-01 21:23:39,overcast clouds
385,Sembakung,3.8167,117.25,72.61,99,89,2.39,ID,2022-04-01 21:23:39,light rain
386,Hobyo,5.3505,48.5268,81.57,74,1,13.11,SO,2022-04-01 21:23:40,clear sky
387,Puerto Escondido,15.85,-97.0667,86.83,74,0,12.66,MX,2022-04-01 21:23:41,clear sky
388,Jieshou,33.2634,115.3611,43.61,72,99,8.19,CN,2022-04-01 21:23:41,overcast clouds
389,Winton,37.3894,-120.6133,73.98,31,0,5.75,US,2022-04-01 21:23:42,clear sky
390,Auki,-8.7676,160.7034,77.76,87,97,1.68,SB,2022-04-01 21:23:42,overcast clouds
391,Inndyr,67.0338,14.0276,33.84,80,100,12.66,NO,2022-04-01 21:22:16,light snow
392,Vestmannaeyjar,63.4427,-20.2734,43.61,75,96,2.95,IS,2022-04-01 21:23:43,overcast clouds
393,Rypefjord,70.6333,23.6667,28.87,100,75,20.71,NO,2022-04-01 21:23:43,light shower snow
394,Tiznit,29.5833,-9.5,59.14,71,0,1.14,MA,2022-04-01 21:23:18,clear sky
395,Moree,-29.4667,149.85,55.42,94,3,0.0,AU,2022-04-01 21:23:44,clear sky
396,Shimoda,34.6667,138.95,41.11,60,99,7.7,JP,2022-04-01 21:23:45,overcast clouds
397,Brenham,30.1669,-96.3977,80.06,33,0,10.36,US,2022-04-01 21:23:46,clear sky
398,Henties Bay,-22.116,14.2845,61.83,84,0,8.68,NA,2022-04-01 21:23:46,clear sky
399,Cedar City,37.6775,-113.0619,60.4,26,0,8.05,US,2022-04-01 21:23:28,clear sky
400,Spassk,52.747,87.7545,31.33,95,100,2.26,RU,2022-04-01 21:23:47,overcast clouds
401,Acarau,-2.8856,-40.12,77.99,86,87,9.51,BR,2022-04-01 21:20:21,overcast clouds
402,Soyaux,45.65,0.2,36.39,76,100,16.11,FR,2022-04-01 21:23:48,light rain and snow
403,Hauterive,46.0901,3.4459,34.56,98,98,11.25,FR,2022-04-01 21:23:48,light snow
404,Viedma,-40.8135,-62.9967,70.9,19,97,16.82,AR,2022-04-01 21:23:49,overcast clouds
405,Dali,25.7,100.1833,39.25,98,100,5.01,CN,2022-04-01 21:23:50,overcast clouds
406,Inhambane,-23.865,35.3833,76.21,80,0,7.14,MZ,2022-04-01 21:23:50,clear sky
407,Kitgum,3.2783,32.8867,76.75,46,15,6.51,UG,2022-04-01 21:23:51,few clouds
408,Acajutla,13.5928,-89.8275,86.56,59,0,8.95,SV,2022-04-01 21:23:51,clear sky
409,Nassau,40.7507,-73.5829,51.85,56,100,11.01,US,2022-04-01 21:21:43,overcast clouds
410,Kungurtug,50.5994,97.5228,14.11,86,98,2.3,RU,2022-04-01 21:23:52,overcast clouds
411,Port-Gentil,-0.7193,8.7815,79.79,85,100,14.61,GA,2022-04-01 21:24:53,moderate rain
412,Vermilion,40.1667,-87.7506,46.62,55,75,5.99,US,2022-04-01 21:24:53,broken clouds
413,Payson,40.0444,-111.7321,57.45,34,75,4.61,US,2022-04-01 21:24:53,broken clouds
414,Leningradskiy,69.3833,178.4167,1.4,92,100,6.98,RU,2022-04-01 21:24:54,overcast clouds
415,Saint-Leu,-21.15,55.2833,74.26,88,100,8.5,RE,2022-04-01 21:24:55,moderate rain
416,Saint-Augustin,51.226,-58.6502,32.72,97,100,16.4,CA,2022-04-01 21:24:55,snow
417,Gurupi,-11.7292,-49.0686,77.76,83,32,3.33,BR,2022-04-01 21:24:56,scattered clouds
418,Barra Patuca,15.8,-84.2833,83.79,67,4,15.05,HN,2022-04-01 21:24:57,clear sky
419,Vallenar,-28.5708,-70.7581,79.83,35,0,7.61,CL,2022-04-01 21:21:46,clear sky
420,Araouane,18.9048,-3.5265,86.18,10,100,7.61,ML,2022-04-01 21:24:57,overcast clouds
421,Zalesovo,53.9939,84.7431,24.69,96,86,4.07,RU,2022-04-01 21:24:58,overcast clouds
422,Kismayo,-0.3582,42.5454,80.73,77,5,11.59,SO,2022-04-01 21:24:58,clear sky
423,Griffith,41.5284,-87.4237,46.06,59,0,5.75,US,2022-04-01 21:24:59,clear sky
424,Sorong,-0.8833,131.25,77.05,90,95,7.63,ID,2022-04-01 21:25:00,overcast clouds
425,Lamu,-2.2717,40.902,82.62,84,8,7.38,KE,2022-04-01 21:25:00,clear sky
426,Villazon,-22.0866,-65.5942,60.31,39,1,17.78,BO,2022-04-01 21:25:01,clear sky
427,Ferrandina,40.5012,16.4547,49.05,77,3,7.74,IT,2022-04-01 21:25:01,clear sky
428,Kurumkan,54.3,110.3,22.37,86,99,4.56,RU,2022-04-01 21:25:02,overcast clouds
429,Arrecife,28.963,-13.5477,64.38,63,40,13.8,ES,2022-04-01 21:25:02,scattered clouds
430,Santa Barbara,34.7333,-120.0343,70.23,54,0,8.05,US,2022-04-01 21:24:13,clear sky
431,General Roca,-39.0333,-67.5833,79.63,11,38,14.45,AR,2022-04-01 21:25:03,scattered clouds
432,Zhigansk,66.7697,123.3711,20.12,92,100,18.05,RU,2022-04-01 21:25:04,overcast clouds
433,Fortuna,40.5982,-124.1573,58.93,72,20,17.27,US,2022-04-01 21:25:04,few clouds
434,Sarkand,45.41,79.9186,50.31,42,100,6.49,KZ,2022-04-01 21:25:05,overcast clouds
435,Te Anau,-45.4167,167.7167,52.14,81,15,0.85,NZ,2022-04-01 21:25:05,few clouds
436,Rovaniemi,66.5,25.7167,20.61,73,0,8.05,FI,2022-04-01 21:25:06,clear sky
437,Kamenka,51.3223,42.7678,49.82,79,100,13.47,RU,2022-04-01 21:25:06,overcast clouds
438,Pedernales,18.0384,-71.744,83.37,62,37,2.24,DO,2022-04-01 21:25:07,scattered clouds
439,Ayagoz,47.9714,80.4392,29.55,80,100,4.25,KZ,2022-04-01 21:25:07,overcast clouds
440,Clyde River,70.4692,-68.5914,12.43,92,75,6.91,CA,2022-04-01 21:25:08,broken clouds
441,Sangar,63.9242,127.4739,15.42,93,100,15.99,RU,2022-04-01 21:25:08,light snow
442,Beroroha,-21.6667,45.1667,74.84,65,46,2.84,MG,2022-04-01 21:25:09,scattered clouds
443,Winnemucca,40.973,-117.7357,60.85,21,0,5.75,US,2022-04-01 21:22:44,clear sky
444,Nishihara,26.1842,127.7558,63.68,83,100,11.5,JP,2022-04-01 21:25:10,overcast clouds
445,Almaznyy,48.0448,40.045,56.43,49,100,10.51,RU,2022-04-01 21:25:10,light rain
446,Ojinaga,29.5667,-104.4167,87.57,17,0,8.05,MX,2022-04-01 21:25:10,clear sky
447,Evensk,61.95,159.2333,15.22,86,100,12.08,RU,2022-04-01 21:25:11,overcast clouds
448,Mayo,38.8876,-76.5119,55.13,44,20,23.02,US,2022-04-01 21:20:34,few clouds
449,Kiruna,67.8557,20.2251,20.32,73,100,14.97,SE,2022-04-01 21:25:12,overcast clouds
450,Kroya,-7.6331,109.2461,76.21,86,90,3.22,ID,2022-04-01 21:25:12,overcast clouds
451,Victor Harbor,-35.5667,138.6167,55.35,78,94,12.01,AU,2022-04-01 21:25:13,overcast clouds
452,Oyem,1.5995,11.5793,69.58,98,100,1.05,GA,2022-04-01 21:21:57,heavy intensity rain
453,Khandwa,21.8333,76.3333,85.66,19,0,10.58,IN,2022-04-01 21:25:13,clear sky
454,Namatanai,-3.6667,152.4333,77.05,91,100,5.79,PG,2022-04-01 21:25:14,moderate rain
455,Ingham,42.6,-84.3833,36.16,63,100,12.66,US,2022-04-01 21:25:14,overcast clouds
456,Popondetta,-8.7537,148.2534,73.42,94,100,2.21,PG,2022-04-01 21:25:15,overcast clouds
457,Kokopo,-4.352,152.2633,74.93,92,100,7.18,PG,2022-04-01 21:26:16,moderate rain
458,Kirksville,40.1948,-92.5833,51.58,44,0,5.75,US,2022-04-01 21:26:16,clear sky
459,Tadine,-21.55,167.8833,81.19,85,62,14.94,NC,2022-04-01 21:26:16,broken clouds
460,Boden,65.8252,21.6886,15.8,94,96,2.77,SE,2022-04-01 21:26:17,overcast clouds
461,Palu,-0.8917,119.8707,74.19,89,72,3.06,ID,2022-04-01 21:26:18,broken clouds
462,Diffa,13.3154,12.6113,82.9,6,1,4.18,NE,2022-04-01 21:26:18,clear sky
463,Thayetmyo,19.3167,95.1833,79.9,59,42,2.53,MM,2022-04-01 21:26:19,scattered clouds
464,Adana,36.985,35.2881,60.82,51,0,8.05,TR,2022-04-01 21:26:19,clear sky
465,Wajima,37.4,136.9,39.33,57,53,6.33,JP,2022-04-01 21:26:20,broken clouds
466,Fillmore,43.6666,-92.1002,47.34,49,0,9.22,US,2022-04-01 21:26:20,clear sky
467,Polis,35.0367,32.4264,62.42,57,58,2.86,CY,2022-04-01 21:26:20,broken clouds
468,Bac Lieu,9.285,105.7244,81.18,77,99,8.72,VN,2022-04-01 21:26:21,overcast clouds
469,Songjianghe,42.1859,127.479,25.74,61,31,4.65,CN,2022-04-01 21:26:22,scattered clouds
470,Jacareacanga,-6.2222,-57.7528,81.95,82,42,1.99,BR,2022-04-01 21:26:22,scattered clouds
471,Shingu,33.7333,135.9833,39.74,66,90,4.63,JP,2022-04-01 21:26:23,overcast clouds
472,Yoichi,43.2039,140.7703,32.34,62,21,7.81,JP,2022-04-01 21:26:23,few clouds
473,Khorramshahr,30.4397,48.1664,73.36,31,19,4.61,IR,2022-04-01 21:26:24,few clouds
474,Kota Belud,6.351,116.4305,75.29,89,93,4.29,MY,2022-04-01 21:26:25,overcast clouds
475,Taoudenni,22.6783,-3.9836,81.95,6,100,1.77,ML,2022-04-01 21:26:25,overcast clouds
476,Jacksonville Beach,30.2947,-81.3931,86.05,51,75,12.66,US,2022-04-01 21:26:25,broken clouds
477,Filingue,14.3521,3.3168,86.07,6,79,2.1,NE,2022-04-01 21:26:26,broken clouds
478,Sierra Vista,31.5545,-110.3037,76.73,11,0,9.22,US,2022-04-01 21:26:27,clear sky
479,Marawi,7.9986,124.2928,68.83,95,67,2.06,PH,2022-04-01 21:26:27,broken clouds
480,Ambovombe,-25.1667,46.0833,71.62,80,0,6.26,MG,2022-04-01 21:26:28,clear sky
481,Sampit,-2.5333,112.95,73.76,97,91,1.23,ID,2022-04-01 21:26:28,overcast clouds
482,Olafsvik,64.8945,-23.7142,41.81,91,100,10.09,IS,2022-04-01 21:26:28,overcast clouds
483,Matamoros,25.5333,-103.25,87.91,7,75,0.0,MX,2022-04-01 21:25:08,broken clouds
484,Mbandaka,0.0487,18.2603,74.41,86,88,9.44,CD,2022-04-01 21:26:29,light rain
485,Shirokiy,49.758,129.523,12.51,95,79,3.33,RU,2022-04-01 21:26:30,broken clouds
486,Saint-Georges,12.0564,-61.7485,82.08,69,40,20.71,GD,2022-04-01 21:24:36,scattered clouds
487,Bilibino,68.0546,166.4372,-2.72,73,100,0.16,RU,2022-04-01 21:26:30,overcast clouds
488,Praia Da Vitoria,38.7333,-27.0667,59.25,94,40,18.9,PT,2022-04-01 21:26:31,scattered clouds
489,Martapura,-3.4167,114.85,73.49,100,100,3.44,ID,2022-04-01 21:26:31,haze
490,Tilichiki,60.4667,166.1,6.24,90,73,11.43,RU,2022-04-01 21:26:32,broken clouds
491,Wad Madani,14.4012,33.5199,89.06,14,16,10.76,SD,2022-04-01 21:26:32,few clouds
492,Aswan,24.0934,32.907,85.08,17,44,7.4,EG,2022-04-01 21:26:33,scattered clouds
493,Sumenep,-7.0167,113.8667,78.39,83,100,4.94,ID,2022-04-01 21:26:34,overcast clouds
494,Narrabri,-30.3167,149.7833,55.53,82,10,6.91,AU,2022-04-01 21:26:35,clear sky
495,Aksarka,66.5606,67.7975,7.54,91,50,10.83,RU,2022-04-01 21:26:35,scattered clouds
496,Tabou,4.423,-7.3528,80.64,86,88,8.08,CI,2022-04-01 21:26:36,light rain
497,Stillwater,36.1156,-97.0584,70.41,32,0,16.11,US,2022-04-01 21:23:42,clear sky
498,Udala,43.0778,-2.5125,37.62,96,100,7.31,ES,2022-04-01 21:26:37,snow
499,Egvekinot,66.3167,-179.1667,9.55,83,100,11.39,RU,2022-04-01 21:26:37,overcast clouds
500,Luziania,-16.2525,-47.9503,85.69,50,33,3.85,BR,2022-04-01 21:22:44,scattered clouds
501,Batemans Bay,-35.7167,150.1833,59.09,72,100,16.58,AU,2022-04-01 21:26:38,light rain
502,Warrensburg,38.7628,-93.7361,58.55,40,0,8.05,US,2022-04-01 21:27:39,clear sky
503,Timberlake,37.3207,-79.2575,55.36,39,0,12.66,US,2022-04-01 21:27:39,clear sky
504,Yurkivka,49.0126,31.1013,55.0,68,100,10.83,UA,2022-04-01 21:27:39,overcast clouds
505,Langres,47.8333,5.3333,30.2,84,100,14.67,FR,2022-04-01 21:27:40,overcast clouds
506,Nizhniy Kuranakh,58.8353,125.4869,25.18,95,100,3.91,RU,2022-04-01 21:27:41,overcast clouds
507,Conde,-7.2597,-34.9075,80.06,83,40,10.36,BR,2022-04-01 21:27:41,scattered clouds
508,Sheridan,44.8333,-106.9173,48.58,28,100,12.66,US,2022-04-01 21:27:42,overcast clouds
509,Chignautla,19.8333,-97.3833,70.25,50,71,4.74,MX,2022-04-01 21:27:43,broken clouds
510,Kamiichi,36.7,137.3667,37.24,76,20,2.3,JP,2022-04-01 21:27:43,few clouds
511,Sisimiut,66.9395,-53.6735,28.36,89,12,5.03,GL,2022-04-01 21:24:32,few clouds
512,Mercedes,-34.6515,-59.4307,66.78,35,1,7.47,AR,2022-04-01 21:27:44,clear sky
513,Pringsewu,-5.3582,104.9744,73.6,97,94,3.18,ID,2022-04-01 21:27:44,overcast clouds
514,Waddan,29.1614,16.139,72.91,13,47,4.41,LY,2022-04-01 21:27:44,scattered clouds
515,Iralaya,15.0,-83.2333,82.83,67,4,11.07,HN,2022-04-01 21:27:45,clear sky
516,Salta,-24.7859,-65.4117,64.99,58,40,6.91,AR,2022-04-01 21:23:50,scattered clouds
517,Uvira,-3.4067,29.1458,72.68,84,99,2.06,CD,2022-04-01 21:27:46,light rain
518,Ngunguru,-35.6167,174.5,67.28,75,4,0.27,NZ,2022-04-01 21:27:46,clear sky
519,Beringovskiy,63.05,179.3167,25.63,96,100,8.88,RU,2022-04-01 21:27:47,snow
520,Otukpo,7.1913,8.1329,81.84,67,89,12.06,NG,2022-04-01 21:27:47,overcast clouds
521,Hualmay,-11.0964,-77.6139,72.9,75,59,10.45,PE,2022-04-01 21:27:48,broken clouds
522,Grand Gaube,-20.0064,57.6608,75.6,90,100,8.99,MU,2022-04-01 21:27:48,light rain
523,Jambi,-1.6,103.6167,74.08,91,93,1.45,ID,2022-04-01 21:27:48,overcast clouds
524,Hervey Bay,-25.2986,152.8535,68.02,91,1,8.01,AU,2022-04-01 21:27:49,clear sky
525,Lebrija,36.9208,-6.0753,58.84,87,0,3.44,ES,2022-04-01 21:27:49,clear sky
526,Banjar,-8.19,114.9675,77.79,87,96,3.47,ID,2022-04-01 21:27:50,overcast clouds
527,Buturlino,55.5667,44.8974,30.63,97,100,14.9,RU,2022-04-01 21:27:50,snow
528,Marfino,55.7028,37.3822,34.05,64,75,15.66,RU,2022-04-01 21:27:51,broken clouds
529,Vikesa,58.6376,6.0913,34.88,78,8,3.62,NO,2022-04-01 21:27:51,clear sky
530,Tateyama,34.9833,139.8667,44.1,56,69,7.05,JP,2022-04-01 21:27:52,broken clouds
531,Bud,39.447,-86.1758,45.41,59,76,9.84,US,2022-04-01 21:27:52,broken clouds
532,Saint-Prosper,46.2117,-70.4811,35.89,86,100,10.02,CA,2022-04-01 21:27:53,overcast clouds
533,Prince Rupert,54.3161,-130.3201,42.49,93,100,16.11,CA,2022-04-01 21:27:54,light rain
534,Anloga,5.7947,0.8973,83.23,83,93,13.44,GH,2022-04-01 21:27:54,overcast clouds
535,Preston,53.7667,-2.7167,40.98,81,92,2.68,GB,2022-04-01 21:26:01,overcast clouds
536,Colborne,44.0001,-77.8828,36.86,63,100,19.44,CA,2022-04-01 21:27:55,overcast clouds
537,Danilovka,50.3557,44.1168,53.49,68,100,16.26,RU,2022-04-01 21:27:55,overcast clouds
538,Doka,13.5167,35.7667,90.43,10,11,11.63,SD,2022-04-01 21:27:56,few clouds
539,Kolvereid,64.8655,11.6047,31.08,65,100,9.6,NO,2022-04-01 21:27:57,light snow
540,Ejutla De Crespo,16.5667,-96.7333,90.55,16,19,6.08,MX,2022-04-01 21:27:57,few clouds
541,Upington,-28.4478,21.2561,66.58,72,0,3.44,ZA,2022-04-01 21:27:58,clear sky
542,Lata,40.1629,-8.3327,48.92,76,1,1.39,PT,2022-04-01 21:27:58,clear sky
543,Parangan,5.0839,119.9383,81.21,77,73,7.7,PH,2022-04-01 21:27:59,broken clouds
544,Cookeville,36.1628,-85.5016,54.64,47,0,1.01,US,2022-04-01 21:23:17,clear sky
545,Svetlyy,54.675,20.1347,35.65,54,100,17.63,RU,2022-04-01 21:28:00,overcast clouds
546,Berlevag,70.8578,29.0864,26.6,63,0,21.85,NO,2022-04-01 21:28:00,clear sky
547,Mangrol,21.1167,70.1167,77.2,76,6,7.78,IN,2022-04-01 21:29:01,clear sky
548,Sovetskiy,61.3614,63.5842,14.22,95,83,4.76,RU,2022-04-01 21:29:01,broken clouds
549,Muzhi,65.3667,64.6667,9.0,85,28,7.94,RU,2022-04-01 21:29:02,scattered clouds
550,Orichi,58.4036,49.0572,21.45,92,100,5.5,RU,2022-04-01 21:29:02,overcast clouds
551,Gadung,6.8025,124.02,78.1,81,69,4.34,PH,2022-04-01 21:29:03,broken clouds
552,Boralday,43.3578,76.8594,46.26,61,40,4.47,KZ,2022-04-01 21:29:03,scattered clouds
553,Ginir,7.1333,40.7,60.91,58,14,4.85,ET,2022-04-01 21:29:04,few clouds
554,Kuldiga,56.974,21.9572,31.69,85,41,8.16,LV,2022-04-01 21:29:04,scattered clouds
555,Papara,-3.9839,-38.7273,81.0,93,86,3.33,BR,2022-04-01 21:29:05,overcast clouds
556,Kalispell,48.1958,-114.3129,48.29,42,100,13.0,US,2022-04-01 21:29:05,overcast clouds
557,Bianzhuang,34.8486,118.0447,38.86,58,23,5.79,CN,2022-04-01 21:29:06,few clouds
558,Orlik,52.5178,99.825,6.28,92,45,2.62,RU,2022-04-01 21:29:07,scattered clouds
559,Casablanca,33.5928,-7.6192,59.32,72,2,11.01,MA,2022-04-01 21:29:07,clear sky
560,Camacupa,-12.0167,17.4833,63.05,95,100,2.82,AO,2022-04-01 21:29:08,light rain
561,Shepsi,44.0361,39.1489,57.04,66,97,12.35,RU,2022-04-01 21:29:08,overcast clouds
562,Boddam,57.4667,-1.7833,37.44,96,100,2.3,GB,2022-04-01 21:29:09,overcast clouds
563,Ust-Nera,64.5667,143.2,-13.54,98,72,1.34,RU,2022-04-01 21:29:09,broken clouds
564,Worth,41.6898,-87.7973,48.11,59,40,11.5,US,2022-04-01 21:29:10,scattered clouds
565,Teknaf,20.8624,92.3058,74.89,90,4,1.45,BD,2022-04-01 21:29:11,clear sky
566,Tukrah,32.5341,20.5791,61.83,53,0,4.85,LY,2022-04-01 21:29:11,clear sky
567,Tomatlan,19.9333,-105.25,84.25,40,72,9.93,MX,2022-04-01 21:29:12,broken clouds
568,Nome,64.5011,-165.4064,26.67,63,0,3.44,US,2022-04-01 21:29:12,clear sky
569,Itarema,-2.9248,-39.9167,77.07,88,83,7.81,BR,2022-04-01 21:29:13,broken clouds
570,Tocopilla,-22.092,-70.1979,68.58,67,19,5.23,CL,2022-04-01 21:29:13,few clouds
571,Trinidad,-14.8333,-64.9,71.58,53,75,11.5,BO,2022-04-01 21:29:14,broken clouds
572,Camana,-16.6228,-72.7111,71.29,70,47,6.2,PE,2022-04-01 21:29:14,scattered clouds
573,Merauke,-8.4667,140.3333,78.85,76,99,3.04,ID,2022-04-01 21:29:15,overcast clouds
574,Oum Hadjer,13.2954,19.6966,88.56,8,7,9.91,TD,2022-04-01 21:29:16,clear sky
575,Mahajanga,-15.7167,46.3167,77.02,88,20,4.61,MG,2022-04-01 21:29:16,few clouds
576,Tendukheda,23.4,79.55,82.74,14,0,3.33,IN,2022-04-01 21:29:17,clear sky
577,Okhotsk,59.3833,143.3,4.55,74,75,15.77,RU,2022-04-01 21:29:18,broken clouds
578,Flinders,-34.5833,150.8552,61.18,78,98,13.0,AU,2022-04-01 21:29:18,overcast clouds
579,Siddharthanagar,27.5,83.45,75.85,43,0,3.42,NP,2022-04-01 21:29:19,clear sky
580,Balkanabat,39.5108,54.3671,65.62,29,2,8.43,TM,2022-04-01 21:29:19,clear sky
581,Wuxue,29.8506,115.5525,48.27,74,100,0.67,CN,2022-04-01 21:29:20,overcast clouds
582,Terrace,54.5163,-128.6035,42.71,93,100,19.57,CA,2022-04-01 21:27:47,light rain
583,Vagur,61.4732,-6.8119,37.69,60,74,11.77,FO,2022-04-01 21:29:21,broken clouds
584,Kangaatsiaq,68.3065,-53.4641,17.92,93,18,11.01,GL,2022-04-01 21:29:22,few clouds
585,Tecoanapa,16.5167,-98.75,83.52,48,64,10.47,MX,2022-04-01 21:29:22,broken clouds
586,Iquique,-20.2208,-70.1431,68.04,72,30,1.97,CL,2022-04-01 21:26:45,scattered clouds
587,Harindanga,22.0383,88.3214,80.26,82,94,14.45,IN,2022-04-01 21:29:23,overcast clouds
588,Kaura Namoda,12.5898,6.5779,86.25,8,2,6.98,NG,2022-04-01 21:29:23,clear sky
589,Maldonado,-34.6667,-54.9167,62.22,68,93,7.31,UY,2022-04-01 21:29:24,overcast clouds
590,Fabiansebestyen,46.6833,20.4667,42.19,88,88,8.7,HU,2022-04-01 21:29:24,overcast clouds
591,Nemuro,43.3236,145.575,27.68,79,57,10.09,JP,2022-04-01 21:29:25,broken clouds
592,Antalaha,-14.9003,50.2788,72.93,94,100,5.21,MG,2022-04-01 21:29:25,light rain
593,Edd,13.9297,41.6925,86.25,46,1,13.13,ER,2022-04-01 21:29:25,clear sky
594,Yuzhno-Kurilsk,44.0306,145.8556,28.08,72,77,3.15,RU,2022-04-01 21:29:26,broken clouds
595,Kavaratti,10.5669,72.642,82.22,75,30,7.56,IN,2022-04-01 21:30:27,scattered clouds
596,Aguimes,27.9054,-15.4461,62.65,63,40,15.01,ES,2022-04-01 21:30:27,scattered clouds
597,Chopda,21.25,75.3,82.36,31,0,6.46,IN,2022-04-01 21:30:28,clear sky
598,Rovinj,45.08,13.64,53.42,80,100,22.1,HR,2022-04-01 21:30:28,overcast clouds
599,Eqbaliyeh,35.3022,51.5358,66.02,22,1,3.09,IR,2022-04-01 21:30:29,clear sky
600,Le Pradet,43.1066,6.0172,44.29,58,0,28.77,FR,2022-04-01 21:30:29,clear sky
601,Marabba,12.35,32.1833,90.79,9,34,14.88,SD,2022-04-01 21:30:30,scattered clouds
602,Khovu-Aksy,51.1333,93.6,20.61,78,100,4.76,RU,2022-04-01 21:30:30,overcast clouds
603,Bhag,29.0415,67.8239,82.76,6,0,5.59,PK,2022-04-01 21:30:31,clear sky
604,Maceio,-9.6658,-35.7353,81.84,74,40,9.22,BR,2022-04-01 21:30:31,light rain
605,Meadow Lake,34.8014,-106.5436,66.67,20,98,21.61,US,2022-04-01 21:30:32,overcast clouds
606,Watsa,3.0372,29.5355,68.43,65,13,0.6,CD,2022-04-01 21:30:32,few clouds
607,Churapcha,62.0025,132.4325,13.33,95,98,8.1,RU,2022-04-01 21:30:33,light snow
608,Santa Maria,-29.6842,-53.8069,65.5,55,20,10.36,BR,2022-04-01 21:30:34,few clouds
609,Severnyy,50.677,36.5532,59.04,44,100,6.71,RU,2022-04-01 21:30:34,overcast clouds
610,Talaya,61.3833,152.75,1.36,92,100,5.37,RU,2022-04-01 21:30:35,overcast clouds
611,Voskevan,41.1202,45.0653,45.39,55,89,7.78,AM,2022-04-01 21:30:35,overcast clouds
612,Concarneau,47.875,-3.9225,39.99,72,7,10.2,FR,2022-04-01 21:30:36,clear sky
613,Vizinga,61.0749,50.1031,1.44,99,59,1.59,RU,2022-04-01 21:30:36,broken clouds
614,Hami,42.8,93.45,49.15,21,24,5.86,CN,2022-04-01 21:30:37,few clouds
615,Amli,20.2833,73.0167,74.19,65,0,3.67,IN,2022-04-01 21:30:38,clear sky
616,Yuksekova,37.5736,44.2872,33.28,57,18,3.06,TR,2022-04-01 21:30:38,few clouds
617,Padang,-0.9492,100.3543,74.64,68,1,4.85,ID,2022-04-01 21:30:39,clear sky
618,Itanagar,27.1,93.6167,68.45,88,94,3.69,IN,2022-04-01 21:30:39,overcast clouds
619,Lincoln,40.8,-96.667,65.25,33,0,21.85,US,2022-04-01 21:30:02,clear sky
620,Matiguas,12.8373,-85.4622,91.33,35,54,14.61,NI,2022-04-01 21:30:40,broken clouds
621,Kenai,60.5544,-151.2583,45.03,49,40,19.57,US,2022-04-01 21:30:40,scattered clouds
622,Luau,-10.7073,22.2247,65.82,94,33,2.66,AO,2022-04-01 21:25:58,scattered clouds
623,Gizo,-8.103,156.8419,79.93,82,100,9.57,SB,2022-04-01 21:30:41,light rain
624,Beeville,28.4008,-97.7483,87.3,34,0,14.97,US,2022-04-01 21:30:41,clear sky
625,Jiangyou,31.7667,104.7167,50.27,86,100,0.36,CN,2022-04-01 21:30:42,overcast clouds
626,Ambilobe,-13.2,49.05,72.9,94,98,1.68,MG,2022-04-01 21:30:42,overcast clouds
627,Karanpura,29.1018,75.092,76.3,9,0,1.72,IN,2022-04-01 21:30:43,clear sky
628,Kirkwall,58.9848,-2.9587,39.25,60,75,5.75,GB,2022-04-01 21:30:44,broken clouds
629,Khandbari,27.3747,87.2039,69.49,76,83,1.05,NP,2022-04-01 21:30:44,broken clouds
630,Seoul,37.5683,126.9778,35.2,81,0,6.91,KR,2022-04-01 21:29:28,clear sky
631,Mecca,21.4267,39.8261,78.4,35,1,2.15,SA,2022-04-01 21:30:45,clear sky
632,Lac Du Bonnet,50.2536,-96.0612,40.39,76,85,12.93,CA,2022-04-01 21:30:45,overcast clouds
633,Vaitape,-16.5167,-151.75,80.67,75,100,1.5,PF,2022-04-01 21:30:46,moderate rain
634,Tazovskiy,67.4667,78.7,1.76,100,92,8.12,RU,2022-04-01 21:30:46,overcast clouds
635,Ferme-Neuve,46.7001,-75.4493,31.17,81,100,11.99,CA,2022-04-01 21:30:47,overcast clouds
636,Suchil,23.6333,-103.9167,81.43,7,7,21.97,MX,2022-04-01 21:30:47,clear sky
637,Ajaccio,42.0,8.9167,42.85,53,75,24.16,FR,2022-04-01 21:30:47,broken clouds
638,Kardasova Recice,49.1848,14.8532,32.5,86,100,11.07,CZ,2022-04-01 21:30:48,overcast clouds
639,Oulainen,64.2667,24.8,14.95,97,73,4.18,FI,2022-04-01 21:30:48,broken clouds
640,Nelson Bay,-32.7167,152.15,63.09,74,98,20.18,AU,2022-04-01 21:30:49,overcast clouds
641,Svetlogorsk,52.6333,29.7333,33.73,97,100,12.62,BY,2022-04-01 21:30:49,overcast clouds
642,Togur,58.3631,82.8265,27.07,97,100,10.0,RU,2022-04-01 21:30:50,snow
643,Ndele,8.4109,20.6473,81.91,16,57,5.1,CF,2022-04-01 21:31:50,broken clouds
644,Vernon,50.2581,-119.2691,57.13,41,99,4.0,CA,2022-04-01 21:31:37,overcast clouds
645,Shieli,44.1667,66.75,54.34,38,42,6.29,KZ,2022-04-01 21:31:51,scattered clouds
646,Hays,30.0502,-98.0336,81.99,32,0,10.0,US,2022-04-01 21:31:52,clear sky
647,Bahia Blanca,-38.7196,-62.2724,66.52,34,95,11.16,AR,2022-04-01 21:29:03,overcast clouds
648,Gien,47.6933,2.6309,35.55,85,100,17.6,FR,2022-04-01 21:31:53,overcast clouds
649,De-Kastri,51.4667,140.7833,22.68,74,56,4.16,RU,2022-04-01 21:31:53,broken clouds
650,Yagodnoye,62.55,149.6667,0.57,88,100,3.44,RU,2022-04-01 21:31:54,overcast clouds
651,Filadelfia,39.9523,-75.1638,54.55,39,75,23.02,US,2022-04-01 21:27:31,broken clouds
652,Angoche,-16.2325,39.9086,77.67,81,5,3.42,MZ,2022-04-01 21:31:54,clear sky
653,Konya,38.1667,32.5,49.48,35,55,6.31,TR,2022-04-01 21:31:55,broken clouds
654,Rawson,-43.3002,-65.1023,79.2,15,15,15.48,AR,2022-04-01 21:29:45,few clouds
655,Santa Ana,33.7456,-117.8678,78.71,57,40,9.22,US,2022-04-01 21:28:15,haze
656,Ust-Uda,54.1742,103.0304,25.27,99,96,3.09,RU,2022-04-01 21:31:56,overcast clouds
657,Vilyuysk,63.7553,121.6247,10.56,99,100,2.21,RU,2022-04-01 21:31:56,overcast clouds
658,Kununurra,-15.7667,128.7333,69.78,94,79,4.61,AU,2022-04-01 21:31:57,light rain
659,Baymak,52.5933,58.3225,35.13,97,100,5.26,RU,2022-04-01 21:31:58,overcast clouds
660,Ambulu,-8.345,113.6058,75.72,89,96,2.28,ID,2022-04-01 21:31:58,overcast clouds
661,Simpang,-1.2667,104.0833,74.25,88,99,2.44,ID,2022-04-01 21:31:59,overcast clouds
662,Zasova,49.4741,18.0444,35.04,97,100,8.95,CZ,2022-04-01 21:31:59,light snow
663,Robertson,36.5167,-86.8667,55.38,47,0,6.91,US,2022-04-01 21:32:00,clear sky
664,Amga,60.8953,131.9608,16.88,95,97,3.87,RU,2022-04-01 21:32:00,overcast clouds
665,Port Hawkesbury,45.6169,-61.3485,55.35,94,100,9.22,CA,2022-04-01 21:32:01,overcast clouds
666,Cam Ranh,11.9214,109.1591,76.96,88,20,2.3,VN,2022-04-01 21:32:01,few clouds
667,Krasnoye,49.9145,24.6134,43.77,98,100,4.12,UA,2022-04-01 21:32:02,overcast clouds
668,Mashhad,36.297,59.6062,53.74,54,0,6.91,IR,2022-04-01 21:32:02,clear sky
669,Antofagasta,-23.65,-70.4,65.48,76,2,5.23,CL,2022-04-01 21:32:03,clear sky
670,Samana,19.2056,-69.3369,84.42,74,20,9.22,DO,2022-04-01 21:32:04,few clouds
671,Mandalgarh,25.2,75.1,77.23,9,0,2.26,IN,2022-04-01 21:32:04,clear sky
672,Jalingo,8.8833,11.3667,85.37,11,97,2.98,NG,2022-04-01 21:32:05,overcast clouds
673,High Level,58.5169,-117.136,17.71,73,100,6.91,CA,2022-04-01 21:30:17,light snow
674,Tessalit,20.1986,1.0114,85.93,10,100,7.83,ML,2022-04-01 21:32:06,overcast clouds
